Date,monthly_close,bx,prev_bx,color,cycle_ok,dark_red,increasing_light_red,green
2012-01-31,0.3377507328987121,,,,False,False,False,False
2012-02-29,0.3464403450489044,50.0,,,False,False,False,False
2012-03-30,0.3521571457386017,50.0,50.0,淺綠,True,False,False,True
2012-04-30,0.2972755432128906,21.282252263641098,50.0,深綠,True,False,False,True
2012-05-31,0.2842411696910858,-1.1402921743717584,21.282252263641098,深紅,False,True,False,False
2012-06-29,0.3160267174243927,-8.969702197500037,-1.1402921743717584,深紅,False,True,False,False
2012-07-31,0.3096239566802978,-12.478201369196457,-8.969702197500037,深紅,False,True,False,False
2012-08-31,0.3208288848400116,-8.311319013378125,-12.478201369196457,漸增淺紅,True,False,True,False
2012-09-28,0.3050504624843597,-8.267876086197628,-8.311319013378125,漸增淺紅,True,False,True,False
2012-10-31,0.2739508152008056,-16.19127289770045,-8.267876086197628,深紅,False,True,False,False
2012-11-30,0.2754881083965301,-22.529876677823488,-16.19127289770045,深紅,False,True,False,False
2012-12-31,0.2821623980998993,-25.40803052157166,-22.529876677823488,深紅,False,True,False,False
2013-01-31,0.2821623980998993,-24.473613847836518,-25.40803052157166,漸增淺紅,True,False,True,False
2013-02-28,0.2931558489799499,-14.512831662900894,-24.473613847836518,漸增淺紅,True,False,True,False
2013-03-28,0.2970923781394958,-2.848296947185787,-14.512831662900894,漸增淺紅,True,False,True,False
2013-04-30,0.3188592195510864,10.957209484025277,-2.848296947185787,淺綠,True,False,False,True
2013-05-31,0.3367704451084137,22.408826197796284,10.957209484025277,淺綠,True,False,False,True
2013-06-28,0.3267627954483032,29.213309930919266,22.408826197796284,淺綠,True,False,False,True
2013-07-31,0.33607217669487,33.82086222856709,29.213309930919266,淺綠,True,False,False,True
2013-08-30,0.3450179994106293,37.20547411207063,33.82086222856709,淺綠,True,False,False,True
2013-09-30,0.3639647364616394,40.15720011856351,37.20547411207063,淺綠,True,False,False,True
2013-10-31,0.3553100824356079,41.84833767593207,40.15720011856351,淺綠,True,False,False,True
2013-11-29,0.3668765425682068,43.162611964862286,41.84833767593207,淺綠,True,False,False,True
2013-12-31,0.376753956079483,44.2978340125844,43.162611964862286,淺綠,True,False,False,True
2014-01-31,0.3692283630371094,42.919194722862805,44.2978340125844,深綠,True,False,False,True
2014-02-28,0.434207558631897,44.45466870027731,42.919194722862805,淺綠,True,False,False,True
2014-03-31,0.4231043457984924,45.576325278388275,44.45466870027731,淺綠,True,False,False,True
2014-04-30,0.4363338649272918,46.42828855438374,45.576325278388275,淺綠,True,False,False,True
2014-05-30,0.4509217143058777,47.10421009553743,46.42828855438374,淺綠,True,False,False,True
2014-06-30,0.4400047063827514,43.90384084499583,47.10421009553743,深綠,True,False,False,True
2014-07-31,0.4153226912021637,27.33395299460675,43.90384084499583,深綠,True,False,False,True
2014-08-29,0.4636434614658355,22.853229461267546,27.33395299460675,深綠,True,False,False,True
2014-09-30,0.4398056864738464,14.722706701384247,22.853229461267546,深綠,True,False,False,True
2014-10-31,0.465788871049881,12.812186973986705,14.722706701384247,深綠,True,False,False,True
2014-11-28,0.5019921064376831,18.195720874840983,12.812186973986705,淺綠,True,False,False,True
2014-12-31,0.4799688160419464,17.75327286720212,18.195720874840983,深綠,True,False,False,True
2015-01-30,0.4596209228038788,7.495128031543047,17.75327286720212,深綠,True,False,False,True
2015-02-27,0.5301187038421631,11.324255792174696,7.495128031543047,淺綠,True,False,False,True
2015-03-31,0.5029640197753906,11.009209441795882,11.324255792174696,深綠,True,False,False,True
2015-04-30,0.5334830284118652,14.186161937511773,11.009209441795882,淺綠,True,False,False,True
2015-05-29,0.5342622995376587,16.491737680864503,14.186161937511773,淺綠,True,False,False,True
2015-06-30,0.4854955971240997,2.956009569285232,16.491737680864503,深綠,True,False,False,True
2015-07-31,0.4816328883171081,-9.66066229074705,2.956009569285232,深紅,False,True,False,False
2015-08-31,0.5449955463409424,-8.065511178381215,-9.66066229074705,漸增淺紅,True,False,True,False
2015-09-30,0.597603976726532,2.838829251369056,-8.065511178381215,淺綠,True,False,False,True
2015-10-30,0.6877903342247009,16.48495319629478,2.838829251369056,淺綠,True,False,False,True
2015-11-30,0.7719262838363647,27.3113112448397,16.48495319629478,淺綠,True,False,False,True
2015-12-31,0.8021025061607361,34.2646467908988,27.3113112448397,淺綠,True,False,False,True
2016-01-29,0.7127907872200012,31.68180564424642,34.2646467908988,深綠,True,False,False,True
2016-02-29,0.7659458518028259,30.601872733790543,31.68180564424642,深綠,True,False,False,True
2016-03-31,0.8702374696731567,32.87876230630577,30.601872733790543,淺綠,True,False,False,True
2016-04-29,0.8677951693534851,34.788662532414534,32.87876230630577,淺綠,True,False,False,True
2016-05-31,1.1440662145614624,39.333288219009816,34.788662532414534,淺綠,True,False,False,True
2016-06-30,1.1511677503585815,42.39566921131514,39.333288219009816,淺綠,True,False,False,True
2016-07-29,1.3982489109039309,44.847077380105176,42.39566921131514,淺綠,True,False,False,True
2016-08-31,1.5048444271087646,46.46633712730745,44.847077380105176,淺綠,True,False,False,True
2016-09-30,1.6809905767440796,47.552846981544874,46.46633712730745,淺綠,True,False,False,True
2016-10-31,1.7457574605941772,48.22024877582805,47.552846981544874,淺綠,True,False,False,True
2016-11-30,2.265314817428589,48.79423791897722,48.22024877582805,淺綠,True,False,False,True
2016-12-30,2.6225569248199463,49.19876950133246,48.79423791897722,淺綠,True,False,False,True
2017-01-31,2.68250584602356,49.44038862853208,49.19876950133246,淺綠,True,False,False,True
2017-02-28,2.496466398239136,45.86246397310776,49.44038862853208,深綠,True,False,False,True
2017-03-31,2.679741144180298,44.108320989584215,45.86246397310776,深綠,True,False,False,True
2017-04-28,2.565840244293213,34.297103824721745,44.108320989584215,深綠,True,False,False,True
2017-05-31,3.5548346042633057,35.201409736022924,34.297103824721745,淺綠,True,False,False,True
2017-06-30,3.5600059032440186,37.04801144834951,35.201409736022924,淺綠,True,False,False,True
2017-07-31,4.002050399780273,39.50246529331196,37.04801144834951,淺綠,True,False,False,True
2017-08-31,4.176387310028076,41.45983386058513,39.50246529331196,淺綠,True,False,False,True
2017-09-29,4.406354904174805,42.947189801463324,41.45983386058513,淺綠,True,False,False,True
2017-10-31,5.0974884033203125,44.6176839854496,42.947189801463324,淺綠,True,False,False,True
2017-11-30,4.950572490692139,45.52647184551107,44.6176839854496,淺綠,True,False,False,True
2017-12-29,4.772735118865967,36.44656333853192,45.52647184551107,深綠,True,False,False,True
2018-01-31,6.0627288818359375,36.44388893366214,36.44656333853192,深綠,True,False,False,True
2018-02-28,5.97271203994751,37.240831860991314,36.44388893366214,淺綠,True,False,False,True
2018-03-29,5.715786933898926,30.174540587894253,37.240831860991314,深綠,True,False,False,True
2018-04-30,5.55067253112793,16.828749957134647,30.174540587894253,深綠,True,False,False,True
2018-05-31,6.22805643081665,11.858450016224449,16.828749957134647,深綠,True,False,False,True
2018-06-29,5.850456237792969,2.2894329252722105,11.858450016224449,深綠,True,False,False,True
2018-07-31,6.047035217285156,-5.727659251678879,2.2894329252722105,深紅,False,True,False,False
2018-08-31,6.935434341430664,-1.2050450848310308,-5.727659251678879,漸增淺紅,True,False,True,False
2018-09-28,6.9438347816467285,2.992058106362519,-1.2050450848310308,淺綠,True,False,False,True
2018-10-31,5.2094831466674805,-11.03830320972585,2.992058106362519,深紅,False,True,False,False
2018-11-30,4.042298316955566,-24.042526266800117,-11.03830320972585,深紅,False,True,False,False
2018-12-31,3.3020057678222656,-32.87303385558383,-24.042526266800117,深紅,False,True,False,False
2019-01-31,3.555529832839966,-38.031193637502334,-32.87303385558383,深紅,False,True,False,False
2019-02-28,3.81941819190979,-40.837574406902064,-38.031193637502334,深紅,False,True,False,False
2019-03-29,4.445836544036865,-37.49209865689529,-40.837574406902064,漸增淺紅,True,False,True,False
2019-04-30,4.481489658355713,-32.082003084283755,-37.49209865689529,漸增淺紅,True,False,True,False
2019-05-31,3.3577656745910645,-31.830177232873524,-32.082003084283755,漸增淺紅,True,False,True,False
2019-06-28,4.07091236114502,-28.89506247998984,-31.830177232873524,漸增淺紅,True,False,True,False
2019-07-31,4.182210445404053,-23.69818397994873,-28.89506247998984,漸增淺紅,True,False,True,False
2019-08-30,4.156327247619629,-18.55868729281364,-23.69818397994873,漸增淺紅,True,False,True,False
2019-09-30,4.319096565246582,-11.941363872999231,-18.55868729281364,漸增淺紅,True,False,True,False
2019-10-31,4.987790584564209,-0.15361351685256164,-11.941363872999231,漸增淺紅,True,False,True,False
2019-11-29,5.381810188293457,11.220601048919539,-0.15361351685256164,淺綠,True,False,False,True
2019-12-31,5.842668533325195,20.685304000205203,11.220601048919539,淺綠,True,False,False,True
2020-01-31,5.870726108551025,27.039060931575584,20.685304000205203,淺綠,True,False,False,True
2020-02-28,6.710043907165527,32.58833643097647,27.039060931575584,淺綠,True,False,False,True
2020-03-31,6.549292087554932,36.02164244703552,32.58833643097647,淺綠,True,False,False,True
2020-04-30,7.261865139007568,38.94065824545515,36.02164244703552,淺綠,True,False,False,True
2020-05-29,8.820673942565918,42.02315297735392,38.94065824545515,淺綠,True,False,False,True
2020-06-30,9.443388938903809,44.2734117749856,42.02315297735392,淺綠,True,False,False,True
2020-07-31,10.553996086120604,45.90925403585108,44.2734117749856,淺綠,True,False,False,True
2020-08-31,13.297948837280272,47.241368857769466,45.90925403585108,淺綠,True,False,False,True
2020-09-30,13.45708179473877,48.061289310996244,47.241368857769466,淺綠,True,False,False,True
2020-10-30,12.46599006652832,45.9075379792021,48.061289310996244,深綠,True,False,False,True
2020-11-30,13.32878303527832,44.91511679858483,45.9075379792021,深綠,True,False,False,True
2020-12-31,12.987998008728027,38.15533607867644,44.91511679858483,深綠,True,False,False,True
2021-01-29,12.923083305358888,27.412780476968337,38.15533607867644,深綠,True,False,False,True
2021-02-26,13.644116401672363,19.918456112683735,27.412780476968337,深綠,True,False,False,True
2021-03-31,13.284327507019045,9.687207670710247,19.918456112683735,深綠,True,False,False,True
2021-04-30,14.93761920928955,8.550467314728591,9.687207670710247,深綠,True,False,False,True
2021-05-28,16.166704177856445,13.534532120824764,8.550467314728591,淺綠,True,False,False,True
2021-06-30,19.91127586364746,24.156356001884213,13.534532120824764,淺綠,True,False,False,True
2021-07-30,19.41007232666016,30.822455663346656,24.156356001884213,淺綠,True,False,False,True
2021-08-31,22.286836624145508,36.253905204213055,30.822455663346656,淺綠,True,False,False,True
2021-09-30,20.625152587890625,35.884742799797124,36.253905204213055,深綠,True,False,False,True
2021-10-29,25.454879760742188,38.43305275337386,35.884742799797124,淺綠,True,False,False,True
2021-11-30,32.53270721435547,42.026672588751154,38.43305275337386,淺綠,True,False,False,True
2021-12-31,29.285606384277344,43.95000355519906,42.026672588751154,淺綠,True,False,False,True
2022-01-31,24.38160896301269,29.147040691819825,43.95000355519906,深綠,True,False,False,True
2022-02-28,24.28103828430176,13.842169314821433,29.147040691819825,深綠,True,False,False,True
2022-03-31,27.174301147460938,5.278377338306367,13.842169314821433,深綠,True,False,False,True
2022-04-29,18.47107696533203,-9.585156983077821,5.278377338306367,深紅,False,True,False,False
2022-05-31,18.595563888549805,-20.411552825389773,-9.585156983077821,深紅,False,True,False,False
2022-06-30,15.10013484954834,-28.504412262214764,-20.411552825389773,深紅,False,True,False,False
2022-07-29,18.09246635437012,-33.02306084980714,-28.504412262214764,深紅,False,True,False,False
2022-08-31,15.03538703918457,-36.40620262641683,-33.02306084980714,深紅,False,True,False,False
2022-09-30,12.095454216003418,-39.25578460055982,-36.40620262641683,深紅,False,True,False,False
2022-10-31,13.448583602905272,-40.97578375779358,-39.25578460055982,深紅,False,True,False,False
2022-11-30,16.866607666015625,-34.74476221370618,-40.97578375779358,漸增淺紅,True,False,True,False
2022-12-30,14.565302848815918,-31.84265542958612,-34.74476221370618,漸增淺紅,True,False,True,False
2023-01-31,19.47189712524414,-18.9710742962799,-31.84265542958612,漸增淺紅,True,False,True,False
2023-02-28,23.13863945007324,-3.287029667602795,-18.9710742962799,漸增淺紅,True,False,True,False
2023-03-31,27.68914222717285,10.97462344129552,-3.287029667602795,淺綠,True,False,False,True
2023-04-28,27.66123390197754,20.481026496459286,10.97462344129552,淺綠,True,False,False,True
2023-05-31,37.7143440246582,29.084218815658904,20.481026496459286,淺綠,True,False,False,True
2023-06-30,42.17256546020508,35.22934840947331,29.084218815658904,淺綠,True,False,False,True
2023-07-31,46.58601379394531,39.37847800718677,35.22934840947331,淺綠,True,False,False,True
2023-08-31,49.203983306884766,42.03953130089531,39.37847800718677,淺綠,True,False,False,True
2023-09-29,43.369476318359375,38.58901890518942,42.03953130089531,深綠,True,False,False,True
2023-10-31,40.65856552124024,28.69648690639059,38.58901890518942,深綠,True,False,False,True
2023-11-30,46.63073348999024,24.078887877560383,28.69648690639059,深綠,True,False,False,True
2023-12-29,49.37887954711914,22.800071087827543,24.078887877560383,深綠,True,False,False,True
2024-01-31,61.34917831420898,27.506077878375976,22.800071087827543,淺綠,True,False,False,True
2024-02-29,78.88335418701172,34.13781949728708,27.506077878375976,淺綠,True,False,False,True
2024-03-28,90.09910583496094,39.17064124358999,34.13781949728708,淺綠,True,False,False,True
2024-04-30,86.15633392333984,42.01542770698728,39.17064124358999,淺綠,True,False,False,True
2024-05-31,109.3212890625,44.34161161358879,42.01542770698728,淺綠,True,False,False,True
2024-06-28,123.19886779785156,46.01894270855601,44.34161161358879,淺綠,True,False,False,True
2024-07-31,116.69686126708984,46.907216243536155,46.01894270855601,淺綠,True,False,False,True
2024-08-30,119.04037475585938,46.32999542589918,46.907216243536155,深綠,True,False,False,True
2024-09-30,121.11502838134766,42.202001668579356,46.32999542589918,深綠,True,False,False,True
2024-10-31,132.40472412109375,40.74514567405578,42.202001668579356,深綠,True,False,False,True
2024-11-29,137.88003540039062,40.45360160933485,40.74514567405578,深綠,True,False,False,True
2024-12-31,133.9398651123047,30.982665509549516,40.45360160933485,深綠,True,False,False,True
2025-01-31,119.75692749023438,10.069210045138247,30.982665509549516,深綠,True,False,False,True
2025-02-28,124.5942840576172,-5.197234139307487,10.069210045138247,深紅,False,True,False,False
2025-03-31,108.10735321044922,-18.611745004742485,-5.197234139307487,深紅,False,True,False,False
2025-04-30,108.64599609375,-27.5745906589394,-18.611745004742485,深紅,False,True,False,False
2025-05-30,134.7900848388672,-24.96928218170316,-27.5745906589394,漸增淺紅,True,False,True,False
2025-06-30,157.60350036621094,-12.208700763744519,-24.96928218170316,漸增淺紅,True,False,True,False
2025-07-31,177.4348602294922,2.1184140545039716,-12.208700763744519,淺綠,True,False,False,True
2025-08-29,173.75389099121094,11.367606806969981,2.1184140545039716,淺綠,True,False,False,True
2025-09-30,186.13406372070312,18.373323417264782,11.367606806969981,淺綠,True,False,False,True
2025-10-31,202.00604248046875,24.485979780029133,18.373323417264782,淺綠,True,False,False,True
2025-11-28,176.57696533203125,18.899463875516386,24.485979780029133,深綠,True,False,False,True
2025-12-31,186.06460571289065,13.077090909079997,18.899463875516386,深綠,True,False,False,True
2026-01-30,190.68380737304688,8.054480800253408,13.077090909079997,深綠,True,False,False,True
2026-02-27,176.77633666992188,-1.8883494888611914,8.054480800253408,深紅,False,True,False,False
2026-03-31,174.00225830078125,-11.520508197131521,-1.8883494888611914,深紅,False,True,False,False
2026-04-30,199.1148681640625,-11.978045429005245,-11.520508197131521,深紅,False,True,False,False
2026-05-29,210.6584930419922,-6.606317312081222,-11.978045429005245,漸增淺紅,True,False,True,False
2026-06-30,199.8663482666016,-6.543842754014189,-6.606317312081222,漸增淺紅,True,False,True,False
2026-07-31,200.52561950683597,-9.28348806577664,-6.543842754014189,深紅,False,True,False,False
2026-08-31,220.53323364257807,-4.711485594356298,-9.28348806577664,漸增淺紅,True,False,True,False
