ticker,window_id,window,BH,V_CONF23,A_MONTHLY_EXIT,B_OFFICIAL,C1_0,C1_25,C2_150,C2_60,C3
TSLA,y2018,2018年底,0.11564759267555624,-0.013758205742269158,-0.02787861900396671,-0.037877096966920765,-0.06360250940309475,-0.003915046802195232,0.11564759267555624,0.06479009121994173,-0.06360250940309486
TSLA,y2020,2020年3月,-0.4940703431701109,-0.12350013315492436,-0.4940703431701109,-0.4940703431701108,-0.4940703431701108,-0.4940703431701109,-0.5442786969448501,-0.4074804171781453,-0.54427869694485
TSLA,y2022,2022下跌,-0.4180718792645425,0.2047147968274472,0.03500833535419012,-0.15835573665322977,0.02254905367441129,-0.08756486618369186,-0.4752490391950541,-0.30817458121268204,-0.07792117399708098
MU,y2018,2018年底,-0.3583906166252998,0.0,0.004140559932692911,0.004140559932692911,0.004140559932692689,-0.08645824266005975,-0.3583906166252998,-0.20953088290158428,0.004140559932692911
MU,y2020,2020年3月,-0.33766216259514614,-0.05086447011009232,-0.33766216259514614,-0.2805328618548454,-0.33766216259514614,-0.33766216259514614,-0.32875160399708225,-0.19789603392023003,-0.32875160399708236
MU,y2022,2022下跌,-0.4309498891132587,-0.13850087749746387,-0.18218580873493329,-0.14853803025589596,-0.08217471617281469,-0.1564472268008047,-0.4309498891132587,-0.2642287712210527,-0.08217471617281458
TSM,y2018,2018年底,-0.2008605035584582,0.0,0.0,-0.12860611275250322,-0.06307691928840475,-0.08404201664344535,-0.2008605035584582,-0.12262194799089221,-0.06307691928840486
TSM,y2020,2020年3月,-0.18673200419602431,0.0,0.0,0.0,-0.18673200419602431,-0.18673200419602443,-0.18673200419602443,-0.12626227191211414,-0.18673200419602443
TSM,y2022,2022下跌,-0.46029642363982004,-0.08887240936957785,0.005776212447945905,0.0,0.0,-0.11585047865457032,-0.46029642363982004,-0.2806231587928768,0.0
NVDA,y2018,2018年底,-0.5473376519345154,0.0,0.0,0.0,-0.24926713035725023,-0.3244087791588448,-0.5473376519345154,-0.3499707910062616,-0.24926713035725023
NVDA,y2020,2020年3月,-0.2824048083319832,0.0,-0.2824048083319832,-0.28240480833198334,-0.2824048083319831,-0.2824048083319832,-0.32261786994886565,-0.22037983838239872,-0.3226178699488653
NVDA,y2022,2022下跌,-0.6180127747052706,-0.10990371525891873,-0.376460229859485,-0.36979728075063045,-0.36979728075063045,-0.4318278811275933,-0.6223892735381759,-0.4022729404019476,-0.3770176307588289
BTC,y2018,2018年底,-0.3844144366628205,-0.06313860725052578,-0.0029200025232914983,0.0,0.0,-0.09848808147499044,-0.3844144366628205,-0.19740791514692946,0.0
BTC,y2020,2020年3月,-0.3673518622867247,0.0,0.0,0.0,0.0,-0.09757927979584535,-0.3673518622867248,-0.24939977251922696,0.0
BTC,y2022,2022下跌,-0.5947709873027042,-0.07835650963285135,-0.20927032127326584,-0.18761543915799306,-0.18761543915799295,-0.2893661505895817,-0.5947709873027041,-0.39523170949807496,-0.18761543915799317
QQQ,y2018,2018年底,-0.22541271723919964,0.0,-0.0687150725748108,-0.06871507257481091,-0.0687150725748108,-0.10787479150019053,-0.22541271723919964,-0.13660819133915747,-0.0687150725748108
QQQ,y2020,2020年3月,-0.2722563020156902,0.0,-0.2722563020156903,0.0,-0.2722563020156903,-0.2722563020156903,-0.2722563020156902,-0.17834452585906635,-0.2722563020156904
QQQ,y2022,2022下跌,-0.3413743876274127,0.04057912657724172,-0.10006444667880277,-0.08445952883706143,-0.08445952883706132,-0.14866415475554018,-0.3413743876274127,-0.2071244886656226,-0.08445952883706143
SMH,y2018,2018年底,-0.22485084939646072,0.0,0.0,0.0,0.0,-0.0555899689336149,-0.2248508493964606,-0.13495614840184655,0.0
SMH,y2020,2020年3月,-0.2938759763695419,-0.05389926050404015,-0.2938759763695419,-0.22345666180122115,-0.2938759763695419,-0.29387597636954177,-0.3128237527057307,-0.19785648417568302,-0.3128237527057307
SMH,y2022,2022下跌,-0.4392629996823755,-0.08760481806930198,-0.16094206669287148,-0.13502253368685257,-0.13502253368685269,-0.21105412407628277,-0.4516222403761466,-0.28142102995382,-0.1540875582791249
