ticker,strategy,label,total_return,maxdd,ann_return,sharpe,win_rate,avg_weight,n_orders,capture,dd_improve,meets_bar,actual_start,actual_end
TSLA,BH,買進持有,26.635591177240183,-0.736322174421912,0.39510193931580107,0.8557620830414562,1.0,1.0,2,1.0,0.0,False,2016-09-15,2026-09-14
TSLA,V_CONF23,舊版（日線出場）,1.2256306426433397,-0.47179194117524714,0.08356748134242298,0.49059554748267425,0.4857142857142857,0.15406050955414013,70,0.04601477153210804,0.2645302332466648,False,2016-09-15,2026-09-14
TSLA,A_MONTHLY_EXIT,變體 A（只改月線出場）,16.90766662313724,-0.6062653853820689,0.33568164243330156,0.8623773344672481,0.5,0.5195063694267515,40,0.6347772238516955,0.13005678903984308,False,2016-09-15,2026-09-14
TSLA,B_OFFICIAL,變體 B（完整官方版）,5.000035690604727,-0.6779378324618981,0.1969147061570129,0.663140523722675,0.125,0.32245222929936307,32,0.1877200944155203,0.05838434196001385,False,2016-09-15,2026-09-14
TSLA,C1_0,C1 減碼，深紅到 0%,13.784289257525833,-0.606265385382069,0.31024524721113833,0.8117492538048717,0.5384615384615384,0.5727984207873076,21,0.5175139220977515,0.13005678903984297,False,2016-09-15,2026-09-14
TSLA,C1_25,C1 減碼，深紅到 25%,16.608772400670475,-0.606265385382069,0.3334282044640502,0.8450579244035258,0.5909090909090909,0.6540382811340719,23,0.6235556136205637,0.13005678903984297,False,2016-09-15,2026-09-14
TSLA,C2_150,C2 加碼到 150%,34.53598294789262,-0.772236913004076,0.43073986018970656,0.8803004784293067,0.5849056603773585,1.0482371547329794,54,1.2966103405808103,-0.035914738582164096,False,2016-09-15,2026-09-14
TSLA,C2_60,C2 無槓桿，60% 加到 100%,12.486823580387757,-0.5329077633016541,0.29822752113447404,0.8565127936808964,0.5849056603773585,0.6333579491842274,54,0.4688021939253073,0.20341441112025782,False,2016-09-15,2026-09-14
TSLA,C3,C3 組合,18.010783868623484,-0.6487189577899684,0.34371550134068385,0.8294100188527055,0.5555555555555556,0.6210355755202869,71,0.6761923829200945,0.08760321663194359,False,2016-09-15,2026-09-14
MU,BH,買進持有,55.0143438630091,-0.5762896481922276,0.49756854143583995,1.0399449827901754,1.0,1.0,2,1.0,0.0,False,2016-09-15,2026-09-14
MU,V_CONF23,舊版（日線出場）,0.19418787576371344,-0.5741705514433461,0.01796257398530221,0.18811417449233206,0.4523809523809524,0.16480891719745222,84,0.0035297680955217706,0.002119096748881555,False,2016-09-15,2026-09-14
MU,A_MONTHLY_EXIT,變體 A（只改月線出場）,17.03661563712716,-0.6386016786049513,0.3366433881024291,0.8995514822217486,0.45,0.6210191082802548,40,0.30967588524821704,-0.06231203041272371,False,2016-09-15,2026-09-14
MU,B_OFFICIAL,變體 B（完整官方版）,13.207276457736253,-0.600280379754436,0.30502287670747075,0.883389648172765,0.25,0.5139331210191083,32,0.24006968965445838,-0.023990731562208434,False,2016-09-15,2026-09-14
MU,C1_0,C1 減碼，深紅到 0%,47.71966838126792,-0.4687376675639654,0.4767531904669082,1.1272891738534165,0.75,0.6939444855935918,20,0.8674041173715421,0.10755198062826221,True,2016-09-15,2026-09-14
MU,C1_25,C1 減碼，深紅到 25%,50.28802595431373,-0.4471594177259587,0.48438374348390667,1.1333222350243153,0.6842105263157895,0.7451889668095972,20,0.914089352397543,0.12913023046626892,True,2016-09-15,2026-09-14
MU,C2_150,C2 加碼到 150%,66.66471932156938,-0.6026616244337502,0.5262270496887145,1.0497862301624914,0.5370370370370371,1.0611828105324586,55,1.2117697793064806,-0.026371976241522543,False,2016-09-15,2026-09-14
MU,C2_60,C2 無槓桿，60% 加到 100%,19.454084875424147,-0.405716727966699,0.35361591298640005,1.0456992266013425,0.5555555555555556,0.6533029527312991,55,0.3536184112977272,0.1705729202255286,False,2016-09-15,2026-09-14
MU,C3,C3 組合,57.85283052713667,-0.4943252277515192,0.50501336175488,1.120771219718471,0.5538461538461539,0.7551272961260505,73,1.0515953924888328,0.0819644204407084,False,2016-09-15,2026-09-14
TSM,BH,買進持有,17.35927669808241,-0.5646657284046643,0.3390230668331571,1.0124825830599955,1.0,1.0,2,1.0,0.0,False,2016-09-15,2026-09-14
TSM,V_CONF23,舊版（日線出場）,0.07944398563897881,-0.18097833641961425,0.00769843567467321,0.12516644688817982,0.3870967741935484,0.125,62,0.004576457131290186,0.3836873919850501,False,2016-09-15,2026-09-14
TSM,A_MONTHLY_EXIT,變體 A（只改月線出場）,9.732055223281964,-0.36817380641134134,0.2688098247026498,0.9846393475817714,0.75,0.6500796178343949,16,0.5606256177918412,0.196491921993323,False,2016-09-15,2026-09-14
TSM,B_OFFICIAL,變體 B（完整官方版）,2.973939127941104,-0.36817380641134134,0.14845228405137534,0.6959784981620366,0.16666666666666666,0.4570063694267516,36,0.1713169954984138,0.196491921993323,False,2016-09-15,2026-09-14
TSM,C1_0,C1 減碼，深紅到 0%,13.6510100767262,-0.36817380641134145,0.3090554770717664,1.0430453476063704,0.6666666666666666,0.7383746786357607,15,0.786381271187074,0.19649192199332288,False,2016-09-15,2026-09-14
TSM,C1_25,C1 減碼，深紅到 25%,14.7926834176217,-0.36817380641134145,0.31894676439644165,1.0630267015952928,0.7142857142857143,0.7884388709020472,15,0.8521486047431787,0.19649192199332288,True,2016-09-15,2026-09-14
TSM,C2_150,C2 加碼到 150%,20.054623415653218,-0.5865765426921714,0.3575511314490334,0.998099383014774,0.5454545454545454,1.0700909739854905,67,1.155268376928893,-0.021910814287507074,False,2016-09-15,2026-09-14
TSM,C2_60,C2 無槓桿，60% 加到 100%,6.445036660491982,-0.4019609773804319,0.22310670980454916,0.9609568884386995,0.5606060606060606,0.663612408529095,67,0.3712733411988261,0.16270475102423243,False,2016-09-15,2026-09-14
TSM,C3,C3 組合,15.801941868256193,-0.41667551340848363,0.3271688800935044,1.0113356597666274,0.5342465753424658,0.8084656526212513,79,0.91028803463924,0.1479902149961807,True,2016-09-15,2026-09-14
NVDA,BH,買進持有,140.99154606337606,-0.6633508587870276,0.6440373609551293,1.2421513415840377,1.0,1.0,2,1.0,0.0,False,2016-09-15,2026-09-14
NVDA,V_CONF23,舊版（日線出場）,1.0157597562567333,-0.27615187531637697,0.07285451213642391,0.4866712527117928,0.4857142857142857,0.15565286624203822,70,0.007204401856832939,0.3871989834706506,False,2016-09-15,2026-09-14
NVDA,A_MONTHLY_EXIT,變體 A（只改月線出場）,27.990988284174897,-0.4959044317105652,0.4018191577327519,1.0867814382591618,0.6666666666666666,0.6122611464968153,30,0.198529550641234,0.1674464270764624,False,2016-09-15,2026-09-14
NVDA,B_OFFICIAL,變體 B（完整官方版）,53.236615269043305,-0.4779128549175433,0.4927310973378529,1.1865054477924726,0.25,0.6616242038216561,24,0.37758728629809696,0.18543800386948428,False,2016-09-15,2026-09-14
NVDA,C1_0,C1 減碼，深紅到 0%,72.50555001045545,-0.49312746735120727,0.5389566358892879,1.234748325480832,0.7272727272727273,0.7611448938032445,18,0.5142545921006073,0.17022339143582033,False,2016-09-15,2026-09-14
NVDA,C1_25,C1 減碼，深紅到 25%,79.01355264095426,-0.5034572231265677,0.5521098620583855,1.2484373589593245,0.7058823529411765,0.799482593275995,18,0.5604134066693436,0.1598936356604599,False,2016-09-15,2026-09-14
NVDA,C2_150,C2 加碼到 150%,177.08792461054227,-0.682696690073751,0.6818226995364853,1.229703745460961,0.6176470588235294,1.0642800091774758,69,1.2560180348043053,-0.019345831286723403,False,2016-09-15,2026-09-14
NVDA,C2_60,C2 無槓桿，60% 加到 100%,30.407822733595395,-0.47000694805958687,0.4131248928205056,1.1971721600718817,0.6176470588235294,0.661973642579496,69,0.2156712482599985,0.19334391072744073,False,2016-09-15,2026-09-14
NVDA,C3,C3 組合,91.19176219741769,-0.5222553316468548,0.5743268768157586,1.2029107117615356,0.5641025641025641,0.8254249029807202,85,0.6467888660248237,0.14109552714017282,False,2016-09-15,2026-09-14
BTC,BH,買進持有,124.71710367319744,-0.8339900882218974,0.3960622631178845,0.8806525727247815,1.0,1.0,2,1.0,0.0,False,2016-09-15,2026-09-13
BTC,V_CONF23,舊版（日線出場）,3.4623257036299986,-0.32692384673032227,0.10875129052477606,0.6665001345924163,0.44680851063829785,0.15146535195836758,94,0.02776143449179598,0.5070662414915751,False,2016-09-15,2026-09-13
BTC,A_MONTHLY_EXIT,變體 A（只改月線出場）,75.87075828603045,-0.8305918252356691,0.3494579535152378,0.8930001262079587,0.5238095238095238,0.6305121884415229,42,0.6083428499497426,0.003398262986228251,False,2016-09-15,2026-09-13
BTC,B_OFFICIAL,變體 B（完整官方版）,93.85002437840785,-0.7415685456649403,0.3691765293979534,0.9222007379784013,0.25,0.5855929882224048,24,0.7525032382433113,0.092421542556957,False,2016-09-15,2026-09-13
BTC,C1_0,C1 減碼，深紅到 0%,211.24662239109662,-0.6972191254663458,0.44745022113824984,1.027968825896407,0.75,0.6858709097124822,13,1.6938063518908912,0.13677096275555156,True,2016-09-15,2026-09-13
BTC,C1_25,C1 減碼，深紅到 25%,167.88699655178507,-0.7119696239408,0.4247988615413403,0.9898150299092834,0.5833333333333334,0.7436308076334144,13,1.3461425226142831,0.12202046428109736,True,2016-09-15,2026-09-13
BTC,C2_150,C2 加碼到 150%,196.00830880156508,-0.8453348727229679,0.4400260157720126,0.9188813855004746,0.47761194029850745,1.0601980612258515,68,1.5716233221321079,-0.01134478450107057,False,2016-09-15,2026-09-13
BTC,C2_60,C2 無槓桿，60% 加到 100%,52.78188113684757,-0.6565010183744129,0.3165952338383453,0.9281210737759017,0.47761194029850745,0.6450417559799267,68,0.4232128519850382,0.17748906984748447,False,2016-09-15,2026-09-13
BTC,C3,C3 組合,331.60667724903243,-0.7179105633198959,0.4930322450797646,1.053333261775339,0.5,0.7460689709383338,79,2.658870896472694,0.11607952490200146,True,2016-09-15,2026-09-13
QQQ,BH,買進持有,5.559311455008425,-0.35118730046374924,0.20766358537146834,0.9502273894435695,1.0,1.0,2,1.0,0.0,False,2016-09-15,2026-09-14
QQQ,V_CONF23,舊版（日線出場）,0.387551422899751,-0.10327472787788405,0.0334041730645791,0.5352635300823816,0.5,0.1675955414012739,76,0.0697121264092162,0.2479125725858652,False,2016-09-15,2026-09-14
QQQ,A_MONTHLY_EXIT,變體 A（只改月線出場）,3.88746535209172,-0.2855936043663143,0.17254041960988453,0.9694906918190785,0.6,0.7710987261146497,20,0.6992710128858626,0.06559369609743493,False,2016-09-15,2026-09-14
QQQ,B_OFFICIAL,變體 B（完整官方版）,3.380248316225684,-0.1546048585497809,0.15972273771327083,1.0366064071835843,0.3076923076923077,0.6970541401273885,26,0.6080336285495199,0.19658244191396834,False,2016-09-15,2026-09-14
QQQ,C1_0,C1 減碼，深紅到 0%,4.058981609868106,-0.2855936043663143,0.17660457841677668,0.9749641707550448,0.9,0.8081865638222473,15,0.730123081377522,0.06559369609743493,False,2016-09-15,2026-09-14
QQQ,C1_25,C1 減碼，深紅到 25%,4.207613941535962,-0.2855936043663144,0.1800274417264347,0.9821492880094267,0.8571428571428571,0.8408326275066955,15,0.7568588260593481,0.06559369609743482,False,2016-09-15,2026-09-14
QQQ,C2_150,C2 加碼到 150%,6.3182384006117625,-0.3660465947759106,0.2210007874105986,0.9429430181281506,0.6052631578947368,1.1153398019286824,77,1.1365145579169906,-0.014859294312161375,False,2016-09-15,2026-09-14
QQQ,C2_60,C2 無槓桿，60% 加到 100%,2.5596563473068574,-0.22863419434571186,0.13583805446795516,0.9247071637523708,0.6052631578947368,0.6978288299665549,77,0.4604268654530669,0.12255310611803738,False,2016-09-15,2026-09-14
QQQ,C3,C3 組合,4.644317050542902,-0.2855936043663143,0.1895987708165443,0.9471248945506306,0.5647058823529412,0.9235263657509294,90,0.8354122786840451,0.06559369609743493,False,2016-09-15,2026-09-14
SMH,BH,買進持有,17.248914062788334,-0.45302636110769334,0.3382133880958822,1.0378598149795997,1.0,1.0,2,1.0,0.0,False,2016-09-15,2026-09-14
SMH,V_CONF23,舊版（日線出場）,1.0397625524596052,-0.2121511839893353,0.07412927597084495,0.6255545171194022,0.5348837209302325,0.2054140127388535,86,0.060279884790122536,0.24087517711835804,False,2016-09-15,2026-09-14
SMH,A_MONTHLY_EXIT,變體 A（只改月線出場）,11.85271927415149,-0.3362233260742873,0.2919707616048255,1.0782902326209085,0.5714285714285714,0.6878980891719745,28,0.6871574193601997,0.11680303503340606,False,2016-09-15,2026-09-14
SMH,B_OFFICIAL,變體 B（完整官方版）,2.5995646973377515,-0.28663376537086616,0.1371091339402546,0.7106826405923163,0.13333333333333333,0.45222929936305734,30,0.15070889030318033,0.1663925957368272,False,2016-09-15,2026-09-14
SMH,C1_0,C1 減碼，深紅到 0%,15.650029180665577,-0.3362233260742874,0.32596019108038443,1.1632253933051406,0.875,0.7562427944175586,13,0.9073051859205394,0.11680303503340594,True,2016-09-15,2026-09-14
SMH,C1_25,C1 減碼，深紅到 25%,15.552637761318646,-0.3362233260742872,0.3251800690007922,1.152037613701578,0.8333333333333334,0.8021690563372746,13,0.9016589510913546,0.11680303503340617,True,2016-09-15,2026-09-14
SMH,C2_150,C2 加碼到 150%,20.2642812585514,-0.46525654273996253,0.35890122297053995,1.0382352742162775,0.5254237288135594,1.067833251725128,60,1.1748149005083293,-0.012230181632269188,False,2016-09-15,2026-09-14
SMH,C2_60,C2 無槓桿，60% 加到 100%,6.37370133840217,-0.29608767995583585,0.22192594799527687,1.018714339049378,0.5254237288135594,0.667826778953998,60,0.3695131945814706,0.1569386811518575,False,2016-09-15,2026-09-14
SMH,C3,C3 組合,18.401203942469763,-0.3615795053179277,0.34645860017377417,1.1375924496099699,0.5230769230769231,0.8240760461426867,70,1.0668036187951857,0.09144685578976564,False,2016-09-15,2026-09-14
