Date,weight
2016-09-15,1.0000000000000002
2016-09-16,1.0000000000000002
2016-09-19,1.0000000000000002
2016-09-20,1.0000000000000002
2016-09-21,1.0000000000000002
2016-09-22,1.0000000000000002
2016-09-23,1.0000000000000002
2016-09-26,1.0000000000000002
2016-09-27,1.0000000000000002
2016-09-28,1.0000000000000002
2016-09-29,1.0000000000000002
2016-09-30,1.0000000000000002
2016-10-03,1.0000000000000002
2016-10-04,1.0000000000000002
2016-10-05,1.0000000000000002
2016-10-06,1.0000000000000002
2016-10-07,1.0000000000000002
2016-10-10,1.0000000000000002
2016-10-11,1.0000000000000002
2016-10-12,1.0000000000000002
2016-10-13,1.0000000000000002
2016-10-14,1.0000000000000002
2016-10-17,1.0000000000000002
2016-10-18,1.0000000000000002
2016-10-19,1.0000000000000002
2016-10-20,1.0000000000000002
2016-10-21,1.0000000000000002
2016-10-24,1.0000000000000002
2016-10-25,1.0000000000000002
2016-10-26,1.0000000000000002
2016-10-27,1.0000000000000002
2016-10-28,1.0000000000000002
2016-10-31,1.0000000000000002
2016-11-01,1.0000000000000002
2016-11-02,0.5986818841424649
2016-11-03,0.597678579035804
2016-11-04,0.5964173369225727
2016-11-07,0.6035195000821415
2016-11-08,0.6039377354417306
2016-11-09,0.6020137680418548
2016-11-10,1.0
2016-11-11,0.6053328430593706
2016-11-14,0.602737274134243
2016-11-15,0.6066871745831128
2016-11-16,0.6085471138634988
2016-11-17,0.6100497285536259
2016-11-18,0.6114056763387482
2016-11-21,0.6129535453555695
2016-11-22,0.6156822037717415
2016-11-23,0.615318376725146
2016-11-25,0.6160123614530746
2016-11-28,0.6154176907355587
2016-11-29,0.6145222648171852
2016-11-30,0.6138562375876262
2016-12-01,0.6022423921496375
2016-12-02,0.6060633045308803
2016-12-05,0.6084443053596188
2016-12-06,0.6110337741594161
2016-12-07,0.6157152423195258
2016-12-08,0.6171306832995188
2016-12-09,0.615913382018222
2016-12-12,0.6149207183493522
2016-12-13,0.6190882184829801
2016-12-14,0.6165394189318414
2016-12-15,0.6202854289860059
2016-12-16,0.6172289815087606
2016-12-19,0.6201342259583068
2016-12-20,0.6204918380866977
2016-12-21,0.620264302930846
2016-12-22,0.6214637279466819
2016-12-23,0.6225592419998938
2016-12-27,0.6245406542652487
2016-12-28,0.6206216972690958
2016-12-29,0.6206865935398206
2016-12-30,0.6176778200987828
2017-01-03,0.6180729230302755
2017-01-04,0.6188280480872452
2017-01-05,0.6174469245212044
2017-01-06,0.6186642121019194
2017-01-09,0.6213667871961629
2017-01-10,0.6222698461818612
2017-01-11,0.623264734532261
2017-01-12,0.6193189025117813
2017-01-13,0.6227839827360723
2017-01-17,0.6200039786786138
2017-01-18,0.624126932681869
2017-01-19,0.6223341798620751
2017-01-20,0.6245724514384179
2017-01-23,0.6224949849800095
2017-01-24,0.6270354688106271
2017-01-25,0.6298992862776194
2017-01-26,0.6280990153951599
2017-01-27,0.6310694151935656
2017-01-30,0.6299610732317172
2017-01-31,0.626690088156854
2017-02-01,0.6290633703303034
2017-02-02,0.6293114339446668
2017-02-03,0.6303312853451134
2017-02-06,0.6300537149909049
2017-02-07,0.6310387345806617
2017-02-08,0.6312841640570284
2017-02-09,0.629249507096505
2017-02-10,0.6294972961797305
2017-02-13,0.6325369428702005
2017-02-14,0.6307314687247124
2017-02-15,0.633114566969853
2017-02-16,0.6339927915779615
2017-02-17,0.6348367195493037
2017-02-21,0.637018796208102
2017-02-22,0.6360057737732228
2017-02-23,0.6334179316871072
2017-02-24,0.6337509308119355
2017-02-27,0.6348668467405196
2017-02-28,0.6327195349044338
2017-03-01,0.6354071915464929
2017-03-02,0.633357268661768
2017-03-03,0.6341739650892023
2017-03-06,0.6342644846008205
2017-03-07,0.6348367195493037
2017-03-08,0.6350771239117087
2017-03-09,0.6351671721392679
2017-03-10,0.637345386969153
2017-03-13,0.6384689770715589
2017-03-14,0.6376416998173283
2017-03-15,0.6397319817326027
2017-03-16,0.6399074950625732
2017-03-17,0.6405205320369955
2017-03-20,0.6419717684433669
2017-03-21,0.6375232081858909
2017-03-22,0.639761209364077
2017-03-23,0.6390574828264567
2017-03-24,0.640869902625782
2017-03-27,0.641913951685758
2017-03-28,0.6423471826727764
2017-03-29,0.6414216217805538
2017-03-30,0.642577778927754
2017-03-31,0.6425490065672061
2017-04-03,0.6420007058401419
2017-04-04,0.641189554925934
2017-04-05,0.6398197476262142
2017-04-06,0.6399367428045841
2017-04-07,0.6408408062935754
2017-04-10,0.6387928912880533
2017-04-11,1.0
2017-04-12,0.5967992579556285
2017-04-13,0.5950058466714636
2017-04-17,0.5976120582383811
2017-04-18,0.5985768559538726
2017-04-19,0.5998766423234109
2017-04-20,0.6033020412272878
2017-04-21,0.6023293225137253
2017-04-24,0.6057729248944672
2017-04-25,0.608154017441353
2017-04-26,0.6063410232380783
2017-04-27,0.6095101829044861
2017-04-28,0.6056231002899328
2017-05-01,0.608094798320102
2017-05-02,0.6068182211751808
2017-05-03,0.6081836325787346
2017-05-04,0.6079468567130593
2017-05-05,0.6088922962757303
2017-05-08,0.6083018764551764
2017-05-09,0.6106818960355629
2017-05-10,0.6136668417649854
2017-05-11,0.6141837934106656
2017-05-12,0.6148423249748212
2017-05-15,0.6174541701928807
2017-05-16,0.6202531937562389
2017-05-17,0.6111777257483274
2017-05-18,0.6146707251228548
2017-05-19,0.6173977523854778
2017-05-22,0.6196408892339695
2017-05-23,0.6191385371750532
2017-05-24,0.6201697718041186
2017-05-25,0.6217752961319557
2017-05-26,0.6222157608129015
2017-05-30,0.6238857687863529
2017-05-31,0.6236130184647195
2017-06-01,0.6240493062435328
2017-06-02,0.6258650276717284
2017-06-05,0.6264843409331229
2017-06-06,0.6270212341898251
2017-06-07,0.6287554004193492
2017-06-08,0.6318104432859154
2017-06-09,0.6227923660330197
2017-06-12,0.6213613449082586
2017-06-13,0.6228746173217515
2017-06-14,0.6208357777653248
2017-06-15,0.6186627688778836
2017-06-16,1.0
2017-06-19,1.0
2017-06-20,1.0
2017-06-21,1.0
2017-06-22,1.0
2017-06-23,1.0
2017-06-26,1.0
2017-06-27,1.0
2017-06-28,0.6016884374844605
2017-06-29,0.596228704546589
2017-06-30,0.5952011993757143
2017-07-03,0.592415455940215
2017-07-05,0.5969594316509967
2017-07-06,0.5959356468949303
2017-07-07,0.5991359253319647
2017-07-10,0.601602904102467
2017-07-11,0.6035039007649684
2017-07-12,0.6069192690022781
2017-07-13,0.6063634207492591
2017-07-14,0.6092916159652088
2017-07-17,0.6086324819250692
2017-07-18,0.6095383272639986
2017-07-19,0.6118792602509029
2017-07-20,0.6123926814642101
2017-07-21,0.611065854554689
2017-07-24,0.6103035651371719
2017-07-25,0.6096477756880793
2017-07-26,0.6121496549157469
2017-07-27,0.6091270748857209
2017-07-28,0.6079986852340641
2017-07-31,0.6065859439680557
2017-08-01,0.6076118699191214
2017-08-02,0.6063077101302786
2017-08-03,0.6054707816623756
2017-08-04,1.0
2017-08-07,1.0
2017-08-08,1.0
2017-08-09,1.0
2017-08-10,1.0
2017-08-11,0.6026605509143721
2017-08-14,0.607328510619005
2017-08-15,0.6082052534731662
2017-08-16,0.6086966491713891
2017-08-17,0.6029695761781123
2017-08-18,0.6035022840905847
2017-08-21,0.6026043191842265
2017-08-22,0.6057847661534037
2017-08-23,0.6062822942546463
2017-08-24,0.6062546561694137
2017-08-25,0.6055077872416427
2017-08-28,0.606199460133399
2017-08-29,0.6068611359394288
2017-08-30,0.610163625578802
2017-08-31,0.6120221366765726
2017-09-01,0.6131447312134854
2017-09-05,0.6101094976220244
2017-09-06,0.6109468738393147
2017-09-07,0.6118611861927421
2017-09-08,0.609268486397993
2017-09-11,0.6135441150782805
2017-09-12,0.6144462747984243
2017-09-13,0.6144991834090263
2017-09-14,0.6155285534189183
2017-09-15,0.6186357856300415
2017-09-18,0.6218970371123844
2017-09-19,0.6225070540456142
2017-09-20,0.6193596706645307
2017-09-21,0.6189204917796229
2017-09-22,0.6198750084274054
2017-09-25,0.6150805499965231
2017-09-26,0.615370565280663
2017-09-27,0.6206454146426921
2017-09-28,0.6221514449891041
2017-09-29,0.6243253724754062
2017-10-02,0.625877238218844
2017-10-03,0.6266483627638728
2017-10-04,0.626995541019596
2017-10-05,0.6272431568675775
2017-10-06,0.6281811145670381
2017-10-09,0.6298721138227003
2017-10-10,0.6310637082990864
2017-10-11,0.6327046784467325
2017-10-12,0.6322235621782455
2017-10-13,0.6338064851483964
2017-10-16,0.6350440744539011
2017-10-17,0.6349966553421599
2017-10-18,0.6358487892849548
2017-10-19,0.6353758602695584
2017-10-20,0.6366263852192957
2017-10-23,0.6374943650603649
2017-10-24,0.6388930586904606
2017-10-25,0.6359432122219673
2017-10-26,0.6371898941905692
2017-10-27,0.6417726279575917
2017-10-30,0.6418640042125557
2017-10-31,0.6440660035318891
2017-11-01,0.6434558207000577
2017-11-02,0.6445391627297742
2017-11-03,0.6470415882146899
2017-11-06,0.6499677977301401
2017-11-07,0.6495089897743064
2017-11-08,0.6500332618057595
2017-11-09,0.6455488326728321
2017-11-10,0.6468639822844868
2017-11-13,0.6478163599614654
2017-11-14,0.6478163599614654
2017-11-15,0.6456830431718179
2017-11-16,0.6512720834149367
2017-11-17,0.6477279778953989
2017-11-20,0.6504689193831897
2017-11-21,0.6527815241339547
2017-11-22,0.6512937091806251
2017-11-24,0.6532103881911203
2017-11-27,0.6496620835548892
2017-11-28,0.6494652189213044
2017-11-29,0.6395421106425256
2017-11-30,0.6409709873998125
2017-12-01,0.6389627110627194
2017-12-04,0.6339974447858058
2017-12-05,0.6339974447858058
2017-12-06,0.6345215286956468
2017-12-07,0.6367909178613508
2017-12-08,0.6357306622656077
2017-12-11,0.6371429921323806
2017-12-12,0.6348542451369894
2017-12-13,0.6349966553421599
2017-12-14,0.6349017209772629
2017-12-15,0.6386607027719006
2017-12-18,0.6426858654148593
2017-12-19,0.6425705076648213
2017-12-20,0.6440641853663478
2017-12-21,0.6416219090707715
2017-12-22,0.641714672699069
2017-12-26,0.6390988134047006
2017-12-27,0.6398501132502651
2017-12-28,0.6406915285083515
2017-12-29,0.6385569186794573
2018-01-02,0.6444984049672321
2018-01-03,0.6477106266747774
2018-01-04,0.6488724744480919
2018-01-05,0.6503361400132964
2018-01-08,0.6518971037161597
2018-01-09,0.6497610409617482
2018-01-10,0.646721543520085
2018-01-11,0.6478003021358244
2018-01-12,0.6489615412294617
2018-01-16,0.6500045200750271
2018-01-17,0.6566678660556043
2018-01-18,0.6583206241316666
2018-01-19,0.6585313753976562
2018-01-22,0.660728523226627
2018-01-23,0.6621776755240274
2018-01-24,0.6575810196681371
2018-01-25,0.6538991424163838
2018-01-26,0.660957082352587
2018-01-29,0.6605412940707766
2018-01-30,0.6560920757258386
2018-01-31,0.6579829220007737
2018-02-01,0.6566040059056074
2018-02-02,0.6502036036828336
2018-02-05,1.0
2018-02-06,0.6107414629943501
2018-02-07,0.6043620958038419
2018-02-08,0.5946063826103951
2018-02-09,0.6008113837728256
2018-02-12,0.6058270208099789
2018-02-13,0.605347921717394
2018-02-14,0.6103678073945491
2018-02-15,0.6133372701557691
2018-02-16,0.6128301356522152
2018-02-20,0.6174824918193831
2018-02-21,0.6148965319629128
2018-02-22,1.0
2018-02-23,1.0
2018-02-26,1.0
2018-02-27,1.0
2018-02-28,1.0
2018-03-01,1.0
2018-03-02,1.0
2018-03-05,1.0
2018-03-06,1.0
2018-03-07,1.0
2018-03-08,1.0
2018-03-09,1.0
2018-03-12,1.0
2018-03-13,1.0
2018-03-14,1.0
2018-03-15,1.0
2018-03-16,1.0
2018-03-19,1.0
2018-03-20,1.0
2018-03-21,1.0
2018-03-22,1.0
2018-03-23,1.0
2018-03-26,0.6041976717882536
2018-03-27,0.5957814542970622
2018-03-28,0.5903637671969838
2018-03-29,0.5952507642895863
2018-04-02,0.586228340752495
2018-04-03,0.5906475140984626
2018-04-04,0.5935804179174612
2018-04-05,0.5909073025455509
2018-04-06,0.5837996322445063
2018-04-09,0.585454235013884
2018-04-10,0.5927400640681183
2018-04-11,0.5926230956913591
2018-04-12,0.5965863440463144
2018-04-13,0.5943244803412807
2018-04-16,0.5948112912928837
2018-04-17,0.599163332570192
2018-04-18,0.5964256151071804
2018-04-19,0.5854057510167746
2018-04-20,0.5825991404160721
2018-04-23,0.5794301880521483
2018-04-24,0.5781791832566057
2018-04-25,0.5769459597776587
2018-04-26,0.5820085856978454
2018-04-27,0.580425613129662
2018-04-30,0.5781039187481879
2018-05-01,0.5819839202755149
2018-05-02,0.58022693375395
2018-05-03,0.5808224690967229
2018-05-04,0.5870476333786854
2018-05-07,0.5883422565854753
2018-05-08,0.5900321409669286
2018-05-09,0.5934405616720412
2018-05-10,0.5974109345559295
2018-05-11,0.5955508955333183
2018-05-14,0.5997064396816264
2018-05-15,0.5969990704853873
2018-05-16,0.6003832159167569
2018-05-17,0.5988004788624881
2018-05-18,0.5958736004444104
2018-05-21,0.5992992613758115
2018-05-22,0.6010128601111503
2018-05-23,0.6012820507894231
2018-05-24,0.6019758427338727
2018-05-25,0.6043522347040722
2018-05-29,0.60242223472631
2018-05-30,0.6038659238878685
2018-05-31,0.6018641567343638
2018-06-01,0.6070273844810506
2018-06-04,0.6086540216457592
2018-06-05,0.6099886033124277
2018-06-06,0.6115057507053532
2018-06-07,0.6096020668614002
2018-06-08,0.6079833175869195
2018-06-11,0.6077230668632853
2018-06-12,0.6084379352476137
2018-06-13,0.6079399605305886
2018-06-14,0.6083081546499582
2018-06-15,0.6086972209217207
2018-06-18,0.6058039574514245
2018-06-19,0.6029342791657849
2018-06-20,0.6044184622482357
2018-06-21,0.6014165466653187
2018-06-22,0.6005182818942456
2018-06-25,0.5916611565584156
2018-06-26,0.5938830496031227
2018-06-27,0.5878877035988197
2018-06-28,0.5903164054836747
2018-06-29,0.5914965168080757
2018-07-02,0.5915906844872116
2018-07-03,0.5873120096448488
2018-07-05,0.5937434015978884
2018-07-06,0.5967928128834304
2018-07-09,0.5985960243177136
2018-07-10,0.601169901537329
2018-07-11,0.5944637292167635
2018-07-12,0.5973651884887138
2018-07-13,0.5968616139044667
2018-07-16,0.5961267811528481
2018-07-17,0.5992766129773458
2018-07-18,0.6017075700441931
2018-07-19,0.6009230061642122
2018-07-20,0.6006757865002892
2018-07-23,0.6005182818942456
2018-07-24,0.5975023580828563
2018-07-25,0.5987096627654573
2018-07-26,0.6022214923532091
2018-07-27,0.6010352759038631
2018-07-30,0.599389792295009
2018-07-31,0.5989365795079097
2018-08-01,0.5999773770069091
2018-08-02,0.6023776204989675
2018-08-03,0.6027563129408283
2018-08-06,0.604020854641081
2018-08-07,0.6056285369317213
2018-08-08,0.6063729084279335
2018-08-09,0.6040429337284595
2018-08-10,0.59834591231402
2018-08-13,0.5986187683224768
2018-08-14,0.598049953802077
2018-08-15,0.5940225254762782
2018-08-16,0.593650281351521
2018-08-17,0.591872754038625
2018-08-20,0.5915436060751212
2018-08-21,0.596471574913909
2018-08-22,0.5973651884887138
2018-08-23,0.5976622119813035
2018-08-24,0.6013044914344924
2018-08-27,0.6050134238071242
2018-08-28,0.6059134981094659
2018-08-29,0.6072668045619652
2018-08-30,0.6047051561507503
2018-08-31,0.6057382110042973
2018-09-04,0.6074624881613109
2018-09-05,0.6061542769773154
2018-09-06,0.5998645664896541
2018-09-07,0.5988004788624881
2018-09-10,0.6011250425488157
2018-09-11,0.5980955070895407
2018-09-12,0.5953200357701348
2018-09-13,0.5982549089292131
2018-09-14,0.6007207650067308
2018-09-17,0.5974566515103005
2018-09-18,0.5992766129773458
2018-09-19,0.5998193763653472
2018-09-20,0.6028897980061982
2018-09-21,0.6016852114077221
2018-09-24,0.603378488790782
2018-09-25,0.599525530525159
2018-09-26,0.5973880721844579
2018-09-27,0.5988912352778
2018-09-28,0.6002029735003998
2018-10-01,0.6008331485495759
2018-10-02,0.600653293446758
2018-10-03,0.6015733072086024
2018-10-04,0.5961038103847098
2018-10-05,0.5905529496628348
2018-10-08,0.5876959514308996
2018-10-09,0.5872399692314223
2018-10-10,0.5759339563943786
2018-10-11,0.5737671835456373
2018-10-12,0.5785552674966856
2018-10-15,0.57588319898555
2018-10-16,0.5839949648610134
2018-10-17,0.5827956012298287
2018-10-18,0.5763646659308326
2018-10-19,0.5728170867610208
2018-10-22,0.5741255711027684
2018-10-23,0.5731513965015635
2018-10-24,0.5560749282749201
2018-10-25,0.5629429968342152
2018-10-26,0.5584523186035514
2018-10-29,0.5556019734262817
2018-10-30,0.5658598092342967
2018-10-31,0.5686067619578806
2018-11-01,0.5801274725761248
2018-11-02,0.5762127702663173
2018-11-05,0.573946442206581
2018-11-06,0.5764658761366551
2018-11-07,0.5794551148954152
2018-11-08,0.5783297344415405
2018-11-09,0.57386961755212
2018-11-12,0.5628891038321198
2018-11-13,0.5660458010255381
2018-11-14,0.5673168897488071
2018-11-15,0.5749425643709353
2018-11-16,0.5707482281164875
2018-11-19,0.5613477908833053
2018-11-20,0.5611305616289528
2018-11-21,0.5622144509898953
2018-11-23,0.561862760807728
2018-11-26,0.566708727504968
2018-11-27,0.5670790780524888
2018-11-28,0.5734851413657196
2018-11-29,0.5711636141669433
2018-11-30,0.5770721439277497
2018-12-03,0.5813174997682663
2018-12-04,0.5690000580294714
2018-12-06,0.5675543755097129
2018-12-07,0.5580394825877157
2018-12-10,0.560885965949416
2018-12-11,0.5621062698090767
2018-12-12,0.5658066114349891
2018-12-13,0.564980867107019
2018-12-14,0.5611305616289528
2018-12-17,0.5587820235271083
2018-12-18,0.561727380693117
2018-12-19,0.5507876603480741
2018-12-20,0.5488007417133371
2018-12-21,0.5444876166838611
2018-12-24,0.537830335698032
2018-12-26,0.5513901391430626
2018-12-27,0.5535492458545035
2018-12-28,0.5552332217617013
2018-12-31,0.5564525134069643
2019-01-02,0.5582550029234362
2019-01-03,0.5429314495676881
2019-01-04,0.554207279860134
2019-01-07,0.558927140022532
2019-01-08,0.5574963902325956
2019-01-09,0.5637124002429975
2019-01-10,0.5662421098552269
2019-01-11,0.5682609646763724
2019-01-14,0.5640130884446818
2019-01-15,0.5646678521932788
2019-01-16,0.5627251803896411
2019-01-17,0.5657548165268269
2019-01-18,0.5717425007439919
2019-01-22,0.5645316372563832
2019-01-23,0.5635481916122612
2019-01-24,0.5775673264954069
2019-01-25,0.5820590983401598
2019-01-28,0.5774647240181039
2019-01-29,0.5742062828637384
2019-01-30,0.5814808743416139
2019-01-31,0.5813045190682716
2019-02-01,0.5843811495054293
2019-02-04,0.5855695622817289
2019-02-05,0.5869229368075981
2019-02-06,0.592845743544482
2019-02-07,0.5875840643305839
2019-02-08,0.5869229368075981
2019-02-11,0.5879748546456921
2019-02-12,0.5932979913940047
2019-02-13,0.5938677877218734
2019-02-14,0.5945778013481945
2019-02-15,0.5958026121868787
2019-02-19,0.5955206586372825
2019-02-20,0.5976959063297801
2019-02-21,0.5962014981603664
2019-02-22,0.5995945134378222
2019-02-25,0.6017718829436768
2019-02-26,0.6002157504839307
2019-02-27,0.597742399750072
2019-02-28,0.5976260992861574
2019-03-01,0.5998248337580707
2019-03-04,0.5999399223166415
2019-03-05,0.5988094782599402
2019-03-06,0.594719513862775
2019-03-07,0.5920818449077666
2019-03-08,0.5920100373559236
2019-03-11,0.597090118554357
2019-03-12,0.598276647611147
2019-03-13,0.5992485447021167
2019-03-14,0.597905163530739
2019-03-15,0.604241118626313
2019-03-18,0.6035871421712362
2019-03-19,0.6063238055503861
2019-03-20,0.6042636073490402
2019-03-21,0.6123344512423518
2019-03-22,0.6054307323622958
2019-03-25,0.6023863870810365
2019-03-26,0.604600974902254
2019-03-27,0.6010868649504485
2019-03-28,0.6006288816558976
2019-03-29,0.6044886251471596
2019-04-01,0.6102931800169424
2019-04-02,0.6104895582536017
2019-04-03,0.6159510540869817
2019-04-04,0.6162053038332842
2019-04-05,0.6179755853476682
2019-04-08,0.6184574558816706
2019-04-09,0.6158662520247532
2019-04-10,0.617765706841155
2019-04-11,0.6175345773500686
2019-04-12,0.6208280618709807
2019-04-15,0.6191258767107333
2019-04-16,0.6247952156231732
2019-04-17,0.6282238355562336
2019-04-18,0.628561260495223
2019-04-22,0.6283827019733474
2019-04-23,0.6302589652132894
2019-04-24,0.6322330659691145
2019-04-25,0.6275869932314085
2019-04-26,0.6247142422290508
2019-04-29,0.6234752906264661
2019-04-30,0.6256029023283273
2019-05-01,0.6238010490802827
2019-05-02,0.6260054269214094
2019-05-03,0.6280846960023144
2019-05-06,0.6243089319678077
2019-05-07,0.6188754830459642
2019-05-08,0.6171767438055851
2019-05-09,0.6138192596287149
2019-05-10,0.6135618376637338
2019-05-13,0.6022500047086513
2019-05-14,0.608296492331802
2019-05-15,0.6104895582536017
2019-05-16,0.607101957087252
2019-05-17,0.6024545523291979
2019-05-20,0.5927027173846234
2019-05-21,0.5981374308750933
2019-05-22,0.5938677877218734
2019-05-23,0.5898211179210192
2019-05-24,0.5883405730207941
2019-05-28,0.5861858140629984
2019-05-29,0.5869964869406027
2019-05-30,0.5888514503343688
2019-05-31,0.5853966763799408
2019-06-03,0.5851247097520077
2019-06-04,0.5948375382901847
2019-06-05,0.5929886884265473
2019-06-06,0.59629516620076
2019-06-07,0.5993870298713424
2019-06-10,0.605296412785255
2019-06-11,0.606167805217391
2019-06-12,0.6009266857283412
2019-06-13,0.6021135104568517
2019-06-14,0.596060801478648
2019-06-17,0.5945778013481945
2019-06-18,0.6041510476622415
2019-06-19,0.6047132969472334
2019-06-20,0.6074566318829889
2019-06-21,0.6063238055503861
2019-06-24,0.6067688099502104
2019-06-25,0.6025908127337284
2019-06-26,0.6095495573388774
2019-06-27,0.6127228929761289
2019-06-28,0.6129598727908929
2019-07-01,0.6195424747243224
2019-07-02,0.6167549968001785
2019-07-03,0.6158874901392795
2019-07-05,0.614140520802267
2019-07-08,0.6125935104787662
2019-07-09,0.6142475063029827
2019-07-10,0.6165860308985697
2019-07-11,0.6172399664276932
2019-07-12,0.6215293997623669
2019-07-15,0.6234141603860934
2019-07-16,0.6209726829888967
2019-07-17,0.6218173974376928
2019-07-18,0.6260054269214094
2019-07-19,0.6260255263930441
2019-07-22,0.6306515455871102
2019-07-23,0.6332218444147885
2019-07-24,0.6393069013972881
2019-07-25,0.6350879574134433
2019-07-26,0.6346088494082396
2019-07-29,0.6353939860707561
2019-07-30,0.6343591940902601
2019-07-31,0.627287709196569
2019-08-01,0.6225150836086648
2019-08-02,0.6192925952115735
2019-08-05,1.0
2019-08-06,0.5993026936629199
2019-08-07,0.6006081478873009
2019-08-08,0.6066526225334612
2019-08-09,0.6024860149179827
2019-08-12,0.5996298391161698
2019-08-13,0.6064000410520451
2019-08-14,0.5985591246444916
2019-08-15,0.5982960385413192
2019-08-16,0.6040907527647927
2019-08-19,0.6079942842964693
2019-08-20,0.6066315737783272
2019-08-21,0.6090569103788412
2019-08-22,0.608744978688882
2019-08-23,0.5986248115298606
2019-08-26,0.6010846880156184
2019-08-27,0.6005213485900057
2019-08-28,0.602055891147276
2019-08-29,0.6071778068053221
2019-08-30,0.6087033423757232
2019-09-03,0.6048988994873465
2019-09-04,0.6118216088237514
2019-09-05,0.6189011890999248
2019-09-06,0.6190985796666447
2019-09-09,0.6200037910898641
2019-09-10,0.6204743571353927
2019-09-11,0.6234471067873147
2019-09-12,0.623812988070785
2019-09-13,0.6236975381086624
2019-09-16,0.6221122156228935
2019-09-17,0.6230611237443797
2019-09-18,0.6233120840677452
2019-09-19,0.6223644250697544
2019-09-20,0.6179113509662999
2019-09-23,0.6199252183763213
2019-09-24,0.6163969064101702
2019-09-25,0.6203959946665416
2019-09-26,0.6212170333689693
2019-09-27,0.6155547833006307
2019-09-30,0.6182683055010829
2019-10-01,0.6166567999362279
2019-10-02,0.6127616789816033
2019-10-03,0.6163768715538098
2019-10-04,0.6204939190923732
2019-10-07,0.6193154178314856
2019-10-08,0.613026503563876
2019-10-09,0.6171556263812269
2019-10-10,1.0
2019-10-11,1.0
2019-10-14,1.0
2019-10-15,1.0
2019-10-16,1.0
2019-10-17,1.0
2019-10-18,1.0
2019-10-21,1.0
2019-10-22,1.0
2019-10-23,1.0
2019-10-24,1.0
2019-10-25,1.0
2019-10-28,1.0
2019-10-29,1.0
2019-10-30,1.0
2019-10-31,1.0
2019-11-01,1.0
2019-11-04,1.0
2019-11-05,1.0
2019-11-06,1.0
2019-11-07,1.0
2019-11-08,1.0
2019-11-11,1.0
2019-11-12,1.0
2019-11-13,1.0
2019-11-14,1.0
2019-11-15,1.0
2019-11-18,1.0
2019-11-19,1.0
2019-11-20,1.0
2019-11-21,1.0
2019-11-22,1.0
2019-11-25,1.0
2019-11-26,1.0
2019-11-27,1.0
2019-11-29,1.0
2019-12-02,1.0
2019-12-03,1.0
2019-12-04,0.6004392219004434
2019-12-05,0.6018781914601968
2019-12-06,0.6054038605822881
2019-12-09,0.6037927143721407
2019-12-10,0.6047430873473779
2019-12-11,0.6097938581179665
2019-12-12,0.6165105528190279
2019-12-13,0.6155990476633952
2019-12-16,0.6175182557797378
2019-12-17,0.6188536593000783
2019-12-18,0.6180367997184626
2019-12-19,0.6194018395434733
2019-12-20,0.6216606483302487
2019-12-23,0.6228249242551845
2019-12-24,0.6233038050268968
2019-12-26,0.6239294573877874
2019-12-27,0.6231222857830189
2019-12-30,0.6214142948414942
2019-12-31,0.6217138839010726
2020-01-02,0.6270752872461381
2020-01-03,0.6232048233384586
2020-01-06,0.6206798732369904
2020-01-07,0.6245693786911688
2020-01-08,0.6249621349285793
2020-01-09,0.6262978224354765
2020-01-10,0.6243399686810351
2020-01-13,0.627591819438688
2020-01-14,0.6280747450643611
2020-01-15,0.6245857729271398
2020-01-16,0.628331807185756
2020-01-17,0.6292925829434762
2020-01-21,0.6294841019027836
2020-01-22,0.6313889386694141
2020-01-23,0.6328360463266965
2020-01-24,0.6318147741481263
2020-01-27,0.622195588293844
2020-01-28,0.9999999999999999
2020-01-29,0.9999999999999999
2020-01-30,0.9999999999999999
2020-01-31,0.9999999999999999
2020-02-03,0.6022110561019969
2020-02-04,0.6097774386933689
2020-02-05,0.6144487432853825
2020-02-06,0.6146100591148362
2020-02-07,0.6091150455803506
2020-02-10,1.0
2020-02-11,1.0
2020-02-12,1.0
2020-02-13,1.0
2020-02-14,1.0
2020-02-18,1.0
2020-02-19,1.0
2020-02-20,1.0
2020-02-21,1.0
2020-02-24,1.0
2020-02-25,0.590128067841095
2020-02-26,0.5915757192075529
2020-02-27,0.5801332983461213
2020-02-28,0.5848783698856046
2020-03-02,0.5931192038049422
2020-03-03,0.5850438613564014
2020-03-04,0.5971268507346759
2020-03-05,0.589427406331915
2020-03-06,0.5847127317816555
2020-03-09,0.5634816156387212
2020-03-10,0.5781287815423878
2020-03-11,0.5645368996884097
2020-03-12,0.5369378943376487
2020-03-13,0.5598508851802538
2020-03-16,0.5212213337973869
2020-03-17,0.5406170160020285
2020-03-18,0.5190086086619405
2020-03-19,0.5233895421628564
2020-03-20,0.518983887287044
2020-03-23,0.5280721535622551
2020-03-24,0.5524694292296587
2020-03-25,0.5506013562903538
2020-03-26,0.5651232050245266
2020-03-27,0.5510967088944142
2020-03-30,0.5605942139989
2020-03-31,0.5556750310092967
2020-04-01,0.5430820456809634
2020-04-02,0.5496722939504289
2020-04-03,0.5446590970274662
2020-04-06,0.568051176679603
2020-04-07,0.5672929068480577
2020-04-08,1.0
2020-04-09,1.0
2020-04-13,1.0
2020-04-14,1.0
2020-04-15,1.0
2020-04-16,1.0
2020-04-17,1.0
2020-04-20,1.0
2020-04-21,1.0
2020-04-22,1.0
2020-04-23,1.0
2020-04-24,1.0
2020-04-27,1.0
2020-04-28,1.0
2020-04-29,1.0
2020-04-30,1.0
2020-05-01,1.0
2020-05-04,1.0
2020-05-05,1.0
2020-05-06,1.0
2020-05-07,1.0
2020-05-08,1.0
2020-05-11,1.0
2020-05-12,1.0
2020-05-13,1.0
2020-05-14,1.0
2020-05-15,1.0
2020-05-18,1.0
2020-05-19,1.0
2020-05-20,1.0
2020-05-21,1.0
2020-05-22,1.0
2020-05-26,1.0
2020-05-27,1.0
2020-05-28,1.0
2020-05-29,1.0
2020-06-01,1.0
2020-06-02,1.0
2020-06-03,1.0
2020-06-04,1.0
2020-06-05,1.0
2020-06-08,1.0
2020-06-09,1.0
2020-06-10,1.0
2020-06-11,1.0
2020-06-12,1.0
2020-06-15,1.0
2020-06-16,1.0
2020-06-17,1.0
2020-06-18,1.0
2020-06-19,1.0
2020-06-22,1.0
2020-06-23,1.0
2020-06-24,1.0
2020-06-25,1.0
2020-06-26,1.0
2020-06-29,1.0
2020-06-30,1.0
2020-07-01,1.0
2020-07-02,1.0
2020-07-06,1.0
2020-07-07,1.0
2020-07-08,1.0
2020-07-09,1.0
2020-07-10,1.0
2020-07-13,1.0
2020-07-14,1.0
2020-07-15,1.0
2020-07-16,1.0
2020-07-17,1.0
2020-07-20,1.0
2020-07-21,1.0
2020-07-22,1.0
2020-07-23,1.0
2020-07-24,1.0
2020-07-27,1.0
2020-07-28,1.0
2020-07-29,1.0
2020-07-30,1.0
2020-07-31,1.0
2020-08-03,1.0
2020-08-04,1.0
2020-08-05,1.0
2020-08-06,1.0
2020-08-07,1.0
2020-08-10,1.0
2020-08-11,1.0
2020-08-12,1.0
2020-08-13,1.0
2020-08-14,1.0
2020-08-17,1.0
2020-08-18,1.0
2020-08-19,1.0
2020-08-20,1.0
2020-08-21,1.0
2020-08-24,1.0
2020-08-25,1.0
2020-08-26,1.0
2020-08-27,1.0
2020-08-28,1.0
2020-08-31,1.0
2020-09-01,1.0
2020-09-02,1.0
2020-09-03,1.0
2020-09-04,1.0
2020-09-08,1.0
2020-09-09,0.6009558202948715
2020-09-10,0.5979157056361996
2020-09-11,0.5974527907607495
2020-09-14,0.6027975039021425
2020-09-15,0.6077684525070357
2020-09-16,0.6048176909033564
2020-09-17,1.0
2020-09-18,0.5949510419088253
2020-09-21,0.5950655616091663
2020-09-22,0.597031202711379
2020-09-23,0.5914553580319998
2020-09-24,0.593557053198933
2020-09-25,0.5963354337248097
2020-09-28,0.6023602695640395
2020-09-29,0.6036260306199396
2020-09-30,0.6032691426085443
2020-10-01,0.6090902723286579
2020-10-02,0.6018212461877287
2020-10-05,0.6098225554626721
2020-10-06,0.6077249417515248
2020-10-07,0.6127636577338246
2020-10-08,0.6156478266747631
2020-10-09,0.6196672982501071
2020-10-12,0.6237766916946521
2020-10-13,0.6230710927496966
2020-10-14,0.6218268062522058
2020-10-15,0.6209132978310559
2020-10-16,0.6194398905400872
2020-10-19,0.6182732617826029
2020-10-20,0.6184639572818299
2020-10-21,0.6169458360692268
2020-10-22,0.6168561644729541
2020-10-23,0.6162915080719084
2020-10-26,0.611160119116363
2020-10-27,0.6103401055010104
2020-10-28,0.6025120520410836
2020-10-29,0.608341855848787
2020-10-30,0.6042968932014394
2020-11-02,0.6061470186523013
2020-11-03,0.611054523109233
2020-11-04,0.6195788964435399
2020-11-05,0.6287149556899312
2020-11-06,0.6323019802257186
2020-11-09,0.6297469197030549
2020-11-10,0.6223877581674745
2020-11-11,0.6304754542090352
2020-11-12,0.6279432368589972
2020-11-13,0.6313553845143274
2020-11-16,0.6377892732779893
2020-11-17,0.6351127121869392
2020-11-18,0.6339585232107295
2020-11-19,0.6369628362977898
2020-11-20,0.6357855770083259
2020-11-23,0.6393174196883193
2020-11-24,0.6400427032622804
2020-11-25,0.6400314012555992
2020-11-27,0.6430930114694623
2020-11-30,0.6455116499519754
2020-12-01,0.6496207458635995
2020-12-02,0.6505292434694184
2020-12-03,0.6504439500288913
2020-12-04,0.656954626949447
2020-12-07,0.6582338604068935
2020-12-08,0.6585293051605139
2020-12-09,0.6514224607316705
2020-12-10,0.6515920695334154
2020-12-11,0.649738581341224
2020-12-14,0.6520471297442362
2020-12-15,0.6555725640951623
2020-12-16,0.6554793621852988
2020-12-17,0.6554275396646252
2020-12-18,0.6546484916662019
2020-12-21,0.6535041138464984
2020-12-22,0.653102636970149
2020-12-23,0.651401934643999
2020-12-24,0.6538203960148024
2020-12-28,0.6533668593111709
2020-12-29,0.6527956066399845
2020-12-30,0.6569312656095828
2020-12-31,0.6575199237781926
2021-01-04,0.6579729658509275
2021-01-05,0.6618663877282106
2021-01-06,0.6611816068743602
2021-01-07,0.6701790917109038
2021-01-08,0.6693835440931664
2021-01-11,0.6726653892655867
2021-01-12,0.6736887687723007
2021-01-13,0.6724957559524944
2021-01-14,0.6778832824144254
2021-01-15,0.6735763956259414
2021-01-19,0.6809546090393056
2021-01-20,0.6800483658413534
2021-01-21,0.6833786252244528
2021-01-22,0.6792545823617424
2021-01-25,0.6801113525503404
2021-01-26,0.6763069221078892
2021-01-27,0.6652491099125374
2021-01-28,1.0
2021-01-29,1.0
2021-02-01,1.0
2021-02-02,1.0
2021-02-03,1.0
2021-02-04,1.0
2021-02-05,1.0
2021-02-08,1.0
2021-02-09,1.0
2021-02-10,1.0
2021-02-11,1.0
2021-02-12,1.0
2021-02-16,1.0
2021-02-17,1.0
2021-02-18,1.0
2021-02-19,1.0
2021-02-22,1.0
2021-02-23,1.0
2021-02-24,1.0
2021-02-25,1.0
2021-02-26,0.6008178724123451
2021-03-01,1.0
2021-03-02,1.0
2021-03-03,1.0
2021-03-04,0.58927146142934
2021-03-05,0.5968901800417229
2021-03-08,0.5832224266429668
2021-03-09,0.597142440830573
2021-03-10,0.5921983398760406
2021-03-11,0.6021013236869801
2021-03-12,0.5990866695768022
2021-03-15,0.6042009666728123
2021-03-16,0.6067996267156389
2021-03-17,0.6090282640889548
2021-03-18,0.599253039904503
2021-03-19,0.6019680792141349
2021-03-22,0.6075984693215591
2021-03-23,0.6015369790625776
2021-03-24,0.5973838602945059
2021-03-25,0.5982631891309113
2021-03-26,0.6099658542550281
2021-03-29,0.6061180274463339
2021-03-30,0.6050911862585703
2021-03-31,0.6118373004832757
2021-04-01,0.6207827355336976
2021-04-05,0.6246609349316137
2021-04-06,0.6214238444114438
2021-04-07,0.620885090775628
2021-04-08,0.6242319032122184
2021-04-09,0.6236827702811897
2021-04-12,0.6209408909747883
2021-04-13,0.6204753672474863
2021-04-14,0.6182059332906018
2021-04-15,0.6212103873149156
2021-04-16,0.6202888403758837
2021-04-19,0.6143658066453458
2021-04-20,0.6110164663771633
2021-04-21,0.6171843480483195
2021-04-22,0.6118860757999706
2021-04-23,0.6172696764906019
2021-04-26,0.6212660918043567
2021-04-27,0.6198871647644074
2021-04-28,0.6160809672598321
2021-04-29,0.6182530916444303
2021-04-30,0.6113002539327665
2021-05-03,0.6085230657719991
2021-05-04,0.6055448683042376
2021-05-05,0.6065993957831217
2021-05-06,0.6085528249627684
2021-05-07,0.6118860757999706
2021-05-10,0.6010637559524749
2021-05-11,0.601526717243312
2021-05-12,0.5913895078523799
2021-05-13,0.5941158465642822
2021-05-14,0.6016191676659862
2021-05-17,0.5989305739353558
2021-05-18,0.5976040614260466
2021-05-19,0.601865546304638
2021-05-20,0.6077280027536562
2021-05-21,0.6065192336917667
2021-05-24,0.6116909776828612
2021-05-25,0.6132461250958732
2021-05-26,0.6134879766826526
2021-05-27,0.614625503632325
2021-05-28,0.6172601941178011
2021-06-01,0.6169090903931168
2021-06-02,0.6182908069745585
2021-06-03,0.6142117502722115
2021-06-04,0.6194190476724386
2021-06-07,0.6182153688605297
2021-06-08,0.6162621331934306
2021-06-09,0.6155269032814643
2021-06-10,0.6185923355754623
2021-06-11,0.6194190476724386
2021-06-14,0.6225797479067843
2021-06-15,0.6205405944431225
2021-06-16,0.6185452461954152
2021-06-17,0.6211918106418899
2021-06-18,0.6151054948115131
2021-06-21,0.615727680663105
2021-06-22,0.6172696764906019
2021-06-23,0.6184604856362909
2021-06-24,0.6222752724435864
2021-06-25,0.621349625122258
2021-06-28,0.6269716193953314
2021-06-29,0.6289958732077298
2021-06-30,0.6292451017858509
2021-07-01,0.6257699901427074
2021-07-02,0.6270616160265867
2021-07-06,0.6269896193639858
2021-07-07,0.6237194636564108
2021-07-08,0.6205499296252923
2021-07-09,0.6245241078450194
2021-07-12,0.6275740059278503
2021-07-13,0.6270706614291317
2021-07-14,0.6265568562285502
2021-07-15,0.6200273915822923
2021-07-16,0.6150287922757732
2021-07-19,0.6149808188048892
2021-07-20,0.6178565633487424
2021-07-21,0.6245241078450194
2021-07-22,0.6231045042017002
2021-07-23,0.6248067462505772
2021-07-26,0.6245423591331559
2021-07-27,0.6203541316968331
2021-07-28,0.6245149815355281
2021-07-29,0.6288622029918871
2021-07-30,0.6300440878372364
2021-08-02,0.6316843307486297
2021-08-03,0.6337794526675035
2021-08-04,0.6362966035052923
2021-08-05,0.6360395382748817
2021-08-06,0.634792241824076
2021-08-09,0.6340917009446523
2021-08-10,0.631095177982979
2021-08-11,0.6304775806741542
2021-08-12,0.6279148036132647
2021-08-13,0.6294318525043763
2021-08-16,0.6284248393128988
2021-08-17,0.6239483833479014
2021-08-18,0.6208943943876464
2021-08-19,0.622948149435977
2021-08-20,0.623957566005677
2021-08-23,0.6305836179861979
2021-08-24,0.6307425182639833
2021-08-25,0.6332578894354002
2021-08-26,0.6336144529207668
2021-08-27,0.6377631426840192
2021-08-30,0.6384920393250314
2021-08-31,0.636732647700083
2021-09-01,0.6363736253634077
2021-09-02,0.6369375196935483
2021-09-03,0.6388215881065503
2021-09-07,0.6383481667626772
2021-09-08,0.6352749312746228
2021-09-09,0.6362280613527864
2021-09-10,0.6379668809951661
2021-09-13,0.6396891038450373
2021-09-14,0.6398402294128159
2021-09-15,0.6406443853142191
2021-09-16,0.6409783673630057
2021-09-17,0.6368777814080148
2021-09-20,0.6311568338819332
2021-09-21,0.6316492020288583
2021-09-22,0.6357993636563776
2021-09-23,0.638686455185326
2021-09-24,0.6380601578143321
2021-09-27,0.6372358897438902
2021-09-28,0.6276816736238306
2021-09-29,0.6241222019971473
2021-09-30,0.6238568345037679
2021-10-01,0.6240581860307415
2021-10-04,0.6178470951708812
2021-10-05,0.6211360842980314
2021-10-06,0.6218500231333209
2021-10-07,0.6247520784925122
2021-10-08,0.6224598677975128
2021-10-11,0.6210524567255125
2021-10-12,0.6186582263780697
2021-10-13,0.6206616963066173
2021-10-14,0.6276009392755798
2021-10-15,0.6295473186164828
2021-10-18,0.6313767824003375
2021-10-19,0.6340222978739624
2021-10-20,0.6329965640321504
2021-10-21,0.6356275853103288
2021-10-22,0.6335710000277633
2021-10-25,0.6347404046929822
2021-10-26,0.6360567142242912
2021-10-27,0.6340917009446523
2021-10-28,0.638458117433119
2021-10-29,0.6391168442302626
2021-11-01,0.6417441986777495
2021-11-02,0.6442598871908525
2021-11-03,0.6465142366107298
2021-11-04,0.6557291930874308
2021-11-05,0.6574844462941909
2021-11-08,0.6614914723609743
2021-11-09,0.6617878674599974
2021-11-10,0.6545747191136052
2021-11-11,0.6585969274508313
2021-11-12,0.660867390714366
2021-11-15,0.6605693793737752
2021-11-16,0.663452734668042
2021-11-17,0.6621206979494
2021-11-18,0.6675368874113999
2021-11-19,0.6689331243887892
2021-11-22,0.6655579678841231
2021-11-23,0.663935849011694
2021-11-24,0.6661721575610595
2021-11-26,0.659597273960331
2021-11-29,0.6683789002272762
2021-11-30,0.6636725230162034
2021-12-01,0.6628800169500079
2021-12-02,0.6634600663428131
2021-12-03,0.6609046111936038
2021-12-06,0.6600466325951824
2021-12-07,0.6705917394510255
2021-12-08,0.6696338638834364
2021-12-09,0.6641914405110619
2021-12-10,0.6656013818461137
2021-12-13,0.659724715947234
2021-12-14,0.9999999999999999
2021-12-15,0.9999999999999999
2021-12-16,0.9999999999999999
2021-12-17,0.601001372575671
2021-12-20,0.5991913530355903
2021-12-21,0.6076827183519153
2021-12-22,0.6104960471090852
2021-12-23,0.6125316039573142
2021-12-27,0.6188182688456129
2021-12-28,0.6164791704736278
2021-12-29,0.6164414320455867
2021-12-30,0.6137365913899847
2021-12-31,0.6129392127692941
2022-01-03,0.6181015729353317
2022-01-04,0.6168709842637654
2022-01-05,0.6085883458022546
2022-01-06,0.6109390357586821
2022-01-07,0.9999999999999999
2022-01-10,0.6034672839747224
2022-01-11,0.6082389899950682
2022-01-12,0.6102635143353752
2022-01-13,0.6060822124788522
2022-01-14,0.6110783019282559
2022-01-18,0.6001473900989299
2022-01-19,0.5934056803932759
2022-01-20,0.5858803923886761
2022-01-21,0.5818019454378646
2022-01-24,0.5848946973541472
2022-01-25,0.5750513005224203
2022-01-26,0.5785446184492085
2022-01-27,0.5678689249337175
2022-01-28,0.5725965887459477
2022-01-31,0.5850446115156474
2022-02-01,0.5860821781859284
2022-02-02,0.5921832581789074
2022-02-03,0.5811832506631657
2022-02-04,0.5824991493690533
2022-02-07,0.5828824965393242
2022-02-08,0.5878028941845336
2022-02-09,0.5960709816839428
2022-02-10,0.5887315024039875
2022-02-11,0.575900155390559
2022-02-14,0.5757343056891213
2022-02-15,0.5886189112858509
2022-02-16,0.5885669170173932
2022-02-17,0.5786264502432544
2022-02-18,0.575900155390559
2022-02-22,0.5742176537660032
2022-02-23,0.5690320817483577
2022-02-24,0.5772859581965297
2022-02-25,0.5806617700831094
2022-02-28,0.5785536934751473
2022-03-01,0.5707179852268404
2022-03-02,0.5785900749995798
2022-03-03,0.5732688795648503
2022-03-04,0.5665840760498642
2022-03-07,0.5540063377404292
2022-03-08,0.5577024729594964
2022-03-09,0.5681650550761559
2022-03-10,0.5627909754349796
2022-03-11,0.557191103161971
2022-03-14,0.5499473828897897
2022-03-15,0.5600831738183406
2022-03-16,0.5727554571766927
2022-03-17,0.5742825976673894
2022-03-18,0.5794972645587847
2022-03-21,0.5789261432798113
2022-03-22,0.580598758050355
2022-03-23,0.5744217089118256
2022-03-24,0.5859944873018335
2022-03-25,0.5849828822888955
2022-03-28,0.5867389648209688
2022-03-29,0.5921492126139232
2022-03-30,0.5850181623216854
2022-03-31,0.5800397228284274
2022-04-01,0.5760566066365438
2022-04-04,0.5800487335823209
2022-04-05,0.5692696793356974
2022-04-06,0.5641372978123548
2022-04-07,0.5641761651622246
2022-04-08,0.5582526097766705
2022-04-11,0.5526376172453531
2022-04-12,0.5513016837199296
2022-04-13,0.557100733117182
2022-04-14,0.549459498263514
2022-04-18,0.5536598342421765
2022-04-19,0.5588611843514214
2022-04-20,0.5584123870239834
2022-04-21,0.5515489205343252
2022-04-22,0.5458033126884828
2022-04-25,0.5500510394161838
2022-04-26,0.5392465888486857
2022-04-27,0.5380479795774528
2022-04-28,0.5518164276677877
2022-04-29,0.5405903323181679
2022-05-02,0.5477068961187735
2022-05-03,0.5497295356630113
2022-05-04,0.5580627201468014
2022-05-05,0.546172656652233
2022-05-06,0.5436172499621057
2022-05-09,0.5307006606483963
2022-05-10,0.5370516760818328
2022-05-11,0.5292983528855405
2022-05-12,0.5304750587848797
2022-05-13,0.543179635558562
2022-05-16,0.5391378768149545
2022-05-17,0.5507237416937091
2022-05-18,0.5385826857260312
2022-05-19,0.5386480456744377
2022-05-20,0.5387678923122279
2022-05-23,0.5407523467622612
2022-05-24,0.5341034493086372
2022-05-25,0.5392248437441794
2022-05-26,0.5473819832733005
2022-05-27,0.5570003153555404
2022-05-31,0.5559731661518239
2022-06-01,0.5518781246636093
2022-06-02,0.5604494572943873
2022-06-03,0.5530675126895757
2022-06-06,0.553271930738428
2022-06-07,0.5552350893271015
2022-06-08,0.5500303346310688
2022-06-09,0.5433505337176529
2022-06-10,0.5339812008562118
2022-06-13,0.5197272602511553
2022-06-14,0.5215506266492204
2022-06-15,0.5260778478626497
2022-06-16,0.5108269227018324
2022-06-17,0.5128642203392755
2022-06-21,0.5198452845130714
2022-06-22,0.5163021076380936
2022-06-23,0.5150050346367931
2022-06-24,0.5253061944737442
2022-06-27,0.5244741565263028
2022-06-28,0.5181039579197332
2022-06-29,0.5136646602300892
2022-06-30,0.5105204521595381
2022-07-01,0.5008390118347507
2022-07-05,0.5021494272117281
2022-07-06,0.5038439364255702
2022-07-07,0.5151254474199592
2022-07-08,0.5164697385973038
2022-07-11,0.5104100264334857
2022-07-12,0.5103118411989598
2022-07-13,0.5122803612486212
2022-07-14,0.5174968987102082
2022-07-15,0.5237205030002847
2022-07-18,0.5218668245631372
2022-07-19,0.5330007241670771
2022-07-20,0.5387896805664074
2022-07-21,0.542923115266864
2022-07-22,0.5372381135113393
2022-07-25,0.5356981359748052
2022-07-26,0.5319152267633068
2022-07-27,0.5432864493665206
2022-07-28,0.5462991600460227
2022-07-29,0.5483552753736762
2022-08-01,0.5488559521972652
2022-08-02,0.5483448205370336
2022-08-03,0.5541895583724983
2022-08-04,0.5566886063848634
2022-08-05,0.5550020507478236
2022-08-08,0.5506927361856382
2022-08-09,0.5400927620327404
2022-08-10,0.5499370016334463
2022-08-11,0.5498851692911745
2022-08-12,0.5567690919336349
2022-08-15,0.557882654284132
2022-08-16,0.5550831339596061
2022-08-17,0.5497191605908537
2022-08-18,0.5531493183448569
2022-08-19,0.5460777658031458
2022-08-22,0.5372710036906385
2022-08-23,0.5388767789455168
2022-08-24,0.5387134211893657
2022-08-25,0.5469095454455576
2022-08-26,0.5326991030173923
2022-08-29,0.5280359394899176
2022-08-30,0.5251677117036672
2022-08-31,0.5234648987332868
2022-09-01,0.5179493868906265
2022-09-02,0.515486270890307
2022-09-06,0.5126819086515562
2022-09-07,0.516637253407968
2022-09-08,0.5199986976283834
2022-09-09,0.5261123435139394
2022-09-12,0.5267323359007037
2022-09-13,0.5114142265303506
2022-09-14,0.5141122993442516
2022-09-15,0.5096234403312615
2022-09-16,0.5107411542416372
2022-09-19,0.5123777777910663
2022-09-20,0.508896039788192
2022-09-21,0.5068004319214853
2022-09-22,0.4997780597431721
2022-09-23,0.49617832593240035
2022-09-26,0.4932505735733148
2022-09-27,0.49513660044413643
2022-09-28,0.49830053965334
2022-09-29,0.4903018067372449
2022-09-30,0.48657739466764255
2022-10-03,0.4953844003726423
2022-10-04,0.5058521988407607
2022-10-05,0.5083150341206283
2022-10-06,0.5066011146600464
2022-10-07,0.49123111546732895
2022-10-10,0.48274339309595404
2022-10-11,0.4747456837595448
2022-10-12,0.47324421005423234
2022-10-13,0.4807634531285806
2022-10-14,0.4698991065268234
2022-10-17,0.4757325066969794
2022-10-18,0.47578876070213894
2022-10-19,0.4777928149658127
2022-10-20,0.47976775566725866
2022-10-21,0.4882319901336164
2022-10-24,0.4890218216446941
2022-10-25,0.49294799083902696
2022-10-26,0.4904879191882279
2022-10-27,0.48734548355673446
2022-10-28,0.4967105709274575
2022-10-31,0.4920513773543233
2022-11-01,0.4937758648411998
2022-11-02,0.4865099401206333
2022-11-03,0.4835639132986759
2022-11-04,0.49491466758178626
2022-11-07,0.4998036672580703
2022-11-08,0.5051386228697834
2022-11-09,0.49824901369729185
2022-11-10,0.5225563542878682
2022-11-11,0.5305991710557002
2022-11-14,0.5282297433464623
2022-11-15,0.5359518601402575
2022-11-16,0.526824065281032
2022-11-17,0.5286964367274851
2022-11-18,0.529150863128251
2022-11-21,0.5247518143472675
2022-11-22,0.5318927841340793
2022-11-23,0.5340479055882079
2022-11-25,0.5311062333558323
2022-11-28,0.5251561738443977
2022-11-29,0.5244741565263028
2022-11-30,0.5382881829927983
2022-12-01,0.5374901235794111
2022-12-02,0.5340479055882079
2022-12-05,0.5310611906453734
2022-12-06,0.5255368076575705
2022-12-07,0.5254791663547753
2022-12-08,0.5317469335860275
2022-12-09,0.5297403036971565
2022-12-12,0.5341368039451474
2022-12-13,0.5382445266741739
2022-12-14,0.5339256105857678
2022-12-15,0.524254109356301
2022-12-16,0.522311157458475
2022-12-19,0.5193402785038344
2022-12-20,0.5181170497666832
2022-12-21,0.5236319277286644
2022-12-22,0.5130629727454654
2022-12-23,0.5130384200394795
2022-12-27,0.5085278834837628
2022-12-28,0.5053305992068563
2022-12-29,0.513357450143521
2022-12-30,0.512374521679106
2023-01-03,0.510446341537147
2023-01-04,0.516718311344801
2023-01-05,0.5122021141576559
2023-01-06,0.5228905485179789
2023-01-09,0.5282627680913118
2023-01-10,0.5314784287112655
2023-01-11,0.5343812992707743
2023-01-12,0.5380784650738534
2023-01-13,0.5389715721632373
2023-01-17,0.540441565001344
2023-01-18,0.5388835390197659
2023-01-19,0.5327253152396146
2023-01-20,0.5406820064217912
2023-01-23,0.5521008387103403
2023-01-24,0.5503385205380583
2023-01-25,0.55058961775414
2023-01-26,0.5549801973030682
2023-01-27,0.5533541568323901
2023-01-30,0.5473561426867736
2023-01-31,0.5510910202418283
2023-02-01,0.5624607675145603
2023-02-02,0.5676615447434562
2023-02-03,0.5631040855284247
2023-02-06,0.5589738447597987
2023-02-07,0.5662536841602126
2023-02-08,0.5613876165173399
2023-02-09,0.562361600183845
2023-02-10,0.5581869188643849
2023-02-13,0.5618652114646364
2023-02-14,0.5670994926503126
2023-02-15,0.5670897975618915
2023-02-16,0.5603192204807002
2023-02-17,0.5569301483176178
2023-02-21,0.5492996822877
2023-02-22,0.548086939353944
2023-02-23,0.5566962077362851
2023-02-24,0.5522462162784
2023-02-27,0.5533541568323901
2023-02-28,0.5534780779080007
2023-03-01,0.553643161854745
2023-03-02,0.5558194396204118
2023-03-03,0.559144992112145
2023-03-06,0.5569403037940751
2023-03-07,0.5541686756080049
2023-03-08,0.5605393167046877
2023-03-09,0.55576836869595
2023-03-10,0.5517369975333992
2023-03-13,0.5515704681258226
2023-03-14,0.558852955752212
2023-03-15,0.5560644861321823
2023-03-16,0.5657270226826173
2023-03-17,0.5644735484162706
2023-03-20,0.5669344818964062
2023-03-21,0.5677099178335195
2023-03-22,0.5661270003404945
2023-03-23,0.5725604817670927
2023-03-24,0.5686560704178806
2023-03-27,0.5657758296128279
2023-03-28,0.564060638080673
2023-03-29,0.5715838846579859
2023-03-30,0.5750620883538522
2023-03-31,0.5767568728705187
2023-04-03,0.5753610373968339
2023-04-04,0.5715744187909154
2023-04-05,0.567244986864291
2023-04-06,0.5665067848455698
2023-04-10,0.5701919376945186
2023-04-11,0.568887146907889
2023-04-12,0.5644833610400323
2023-04-13,1.0
2023-04-14,1.0
2023-04-17,1.0
2023-04-18,1.0
2023-04-19,1.0
2023-04-20,1.0
2023-04-21,1.0
2023-04-24,0.5992333921529799
2023-04-25,0.5914733481330376
2023-04-26,0.5931535440358271
2023-04-27,0.595474771959205
2023-04-28,0.5994665767505983
2023-05-01,0.6012936075055539
2023-05-02,0.5992042174663196
2023-05-03,0.5967092192488522
2023-05-04,0.5959002876813417
2023-05-05,0.6009276215073841
2023-05-08,0.6022535636900762
2023-05-09,0.598522397646248
2023-05-10,0.6004643508859949
2023-05-11,0.5983271786423832
2023-05-12,0.5980535226178932
2023-05-15,0.6042544937084523
2023-05-16,0.604197607893369
2023-05-17,0.6105610489063895
2023-05-18,0.6187222735187544
2023-05-19,0.6174154524227228
2023-05-22,0.6172204285755282
2023-05-23,0.6137840580260635
2023-05-24,0.6102670282685277
2023-05-25,0.6296960366916609
2023-05-26,0.6408070764071175
2023-05-30,0.6419126725379831
2023-05-31,0.6360111027395708
2023-06-01,0.6394587322041787
2023-06-02,0.6388913151309528
2023-06-05,0.6359789980371959
2023-06-06,0.6376080427343356
2023-06-07,0.6362835660715613
2023-06-08,0.6389386538535042
2023-06-09,0.6399930168097892
2023-06-12,0.6466763662666013
2023-06-13,0.6498070931099104
2023-06-14,0.6532325631223326
2023-06-15,0.6515943900515562
2023-06-16,0.6499703320415577
2023-06-20,0.6491675241975052
2023-06-21,0.6438734114878533
2023-06-22,0.6450060249912247
2023-06-23,0.6410724096212276
2023-06-26,0.6400087177978712
2023-06-27,0.6471743844936042
2023-06-28,0.645097511620313
2023-06-29,0.6447617196230552
2023-06-30,0.6482861083010529
2023-07-03,0.6502963766760782
2023-07-05,0.6459493843972793
2023-07-06,0.6432119408909877
2023-07-07,0.6434275774547225
2023-07-10,0.6466461154829833
2023-07-11,0.6468878367244526
2023-07-12,0.6516237995547663
2023-07-13,0.6569909791595749
2023-07-14,0.6551147831917338
2023-07-17,0.6592690477327289
2023-07-18,0.6598863415500649
2023-07-19,0.6575172141527279
2023-07-20,0.6493611295497088
2023-07-21,0.6505774213393158
2023-07-24,0.6507694513158911
2023-07-25,0.6543788473083743
2023-07-26,0.6518880349157873
2023-07-27,0.6559193667128239
2023-07-28,0.6602221152960858
2023-07-31,0.6603897644730488
2023-08-01,0.6602640485090665
2023-08-02,0.6518293682470642
2023-08-03,0.6511676897890134
2023-08-04,1.0000000000000002
2023-08-07,1.0000000000000002
2023-08-08,1.0000000000000002
2023-08-09,1.0000000000000002
2023-08-10,0.5981334532522667
2023-08-11,0.5920152201332279
2023-08-14,0.5992363220228797
2023-08-15,0.5963302350449866
2023-08-16,0.592493704843844
2023-08-17,0.5908555168598493
2023-08-18,0.5918830300720473
2023-08-21,0.599841108817848
2023-08-22,0.5974269894380693
2023-08-23,0.6025716860629771
2023-08-24,0.5962817291963358
2023-08-25,0.5967180124198083
2023-08-28,0.5996662215768075
2023-08-29,0.6057285690137056
2023-08-30,0.6069436233823551
2023-08-31,0.6079072107745208
2023-09-01,0.6078919653758066
2023-09-05,0.608455727344693
2023-09-06,0.6056668290000771
2023-09-07,0.6003014725742429
2023-09-08,0.5987895120537807
2023-09-11,0.5989651659528845
2023-09-12,0.5971533537112936
2023-09-13,0.5990928086969309
2023-09-14,0.6003965508403644
2023-09-15,0.5930039734973686
2023-09-18,0.593807929281381
2023-09-19,0.5917176463980487
2023-09-20,0.5877081708556497
2023-09-21,0.5828088503577651
2023-09-22,0.5848714659865909
2023-09-25,0.5865747483758253
2023-09-26,0.5827051907596308
2023-09-27,0.5849227522425301
2023-09-28,0.588818579166653
2023-09-29,0.589973119680722
2023-10-02,0.5920482542693951
2023-10-03,0.586608643136933
2023-10-04,0.5903565356566972
2023-10-05,0.5903565356566972
2023-10-06,0.5955200450676954
2023-10-09,0.5949020658633801
2023-10-10,0.597860777399018
2023-10-11,0.6004440975185714
2023-10-12,0.6016604233079647
2023-10-13,0.5955687341072616
2023-10-16,1.0000000000000002
2023-10-17,1.0000000000000002
2023-10-18,1.0000000000000002
2023-10-19,0.5952335148590527
2023-10-20,0.5914261585181758
2023-10-23,0.5922746867383953
2023-10-24,0.5950832510372873
2023-10-25,0.5855264412422861
2023-10-26,0.5833804763197743
2023-10-27,0.5848779744749508
2023-10-30,0.58426268889632
2023-10-31,0.5859984272202666
2023-11-01,0.5919526620481422
2023-11-02,0.598116808251284
2023-11-03,0.6036499021530157
2023-11-06,0.6043527468683795
2023-11-07,0.6058460293169871
2023-11-08,0.6066987644794781
2023-11-09,0.6062728708239153
2023-11-10,0.6157058267629407
2023-11-13,0.6142561427372074
2023-11-14,0.6213533278890719
2023-11-15,0.6215285402683212
2023-11-16,0.6224019957663939
2023-11-17,0.6235026347571143
2023-11-20,0.6268372880764914
2023-11-21,0.6233581699775398
2023-11-22,0.6228517138398894
2023-11-24,0.6223293543318941
2023-11-27,0.6221840100734337
2023-11-28,0.6208268066371544
2023-11-29,0.6229821004154037
2023-11-30,0.6204603247060801
2023-12-01,0.6214117575655319
2023-12-04,0.6179492529000679
2023-12-05,0.6179492529000679
2023-12-06,0.6160364860717555
2023-12-07,0.6213679652334849
2023-12-08,0.6233726080347569
2023-12-11,0.6289249386584134
2023-12-12,0.6313773387016164
2023-12-13,0.6340978071248735
2023-12-14,0.6383307729526408
2023-12-15,0.6394201143054832
2023-12-18,0.6398233837809328
2023-12-19,0.6405928512843441
2023-12-20,0.6340694119484038
2023-12-21,0.6397170064992308
2023-12-22,0.6397436322706361
2023-12-26,0.6428946331512733
2023-12-27,0.6431427606318544
2023-12-28,0.6430905656587623
2023-12-29,0.6418460630943861
2024-01-02,0.6339183962681191
2024-01-03,0.6297512570883713
2024-01-04,1.0
2024-01-05,1.0
2024-01-08,1.0
2024-01-09,1.0
2024-01-10,1.0
2024-01-11,1.0
2024-01-12,1.0
2024-01-16,1.0
2024-01-17,1.0
2024-01-18,1.0
2024-01-19,1.0
2024-01-22,1.0
2024-01-23,1.0
2024-01-24,1.0
2024-01-25,1.0
2024-01-26,1.0
2024-01-29,1.0
2024-01-30,1.0
2024-01-31,1.0
2024-02-01,1.0
2024-02-02,1.0
2024-02-05,1.0
2024-02-06,1.0
2024-02-07,1.0
2024-02-08,1.0
2024-02-09,1.0
2024-02-12,1.0
2024-02-13,1.0
2024-02-14,1.0
2024-02-15,1.0
2024-02-16,1.0
2024-02-20,1.0
2024-02-21,1.0
2024-02-22,1.0
2024-02-23,1.0
2024-02-26,1.0
2024-02-27,1.0
2024-02-28,1.0
2024-02-29,1.0
2024-03-01,1.0
2024-03-04,1.0
2024-03-05,1.0
2024-03-06,1.0
2024-03-07,1.0
2024-03-08,1.0
2024-03-11,1.0
2024-03-12,1.0
2024-03-13,1.0
2024-03-14,1.0
2024-03-15,1.0
2024-03-18,1.0
2024-03-19,1.0
2024-03-20,1.0
2024-03-21,1.0
2024-03-22,1.0
2024-03-25,1.0
2024-03-26,1.0
2024-03-27,1.0
2024-03-28,1.0
2024-04-01,1.0
2024-04-02,1.0
2024-04-03,1.0
2024-04-04,1.0
2024-04-05,1.0
2024-04-08,1.0
2024-04-09,1.0
2024-04-10,1.0
2024-04-11,1.0
2024-04-12,1.0
2024-04-15,0.5930264289503182
2024-04-16,0.5950153127375062
2024-04-17,0.5874435390717044
2024-04-18,0.5830965592716266
2024-04-19,0.5718236055860106
2024-04-22,0.576455667656622
2024-04-23,0.5821271951145046
2024-04-24,0.5824079256222546
2024-04-25,0.5872151882527364
2024-04-26,0.5933370826966253
2024-04-29,0.5941558565840465
2024-04-30,0.5893628981367478
2024-05-01,0.582185714007964
2024-05-02,0.5870209351561382
2024-05-03,0.5934368374250977
2024-05-06,0.5988382024485874
2024-05-07,0.596734228886544
2024-05-08,0.5974633375147295
2024-05-09,0.595914913969148
2024-05-10,0.5995167384120234
2024-05-13,0.599473721339477
2024-05-14,0.6035402353157991
2024-05-15,0.6105986827466752
2024-05-16,0.6088628751758576
2024-05-17,0.6068526322265559
2024-05-20,0.6117136734764216
2024-05-21,0.6113798426111047
2024-05-22,0.6133140904640814
2024-05-23,0.6165249938254367
2024-05-24,0.6208526814381219
2024-05-28,0.6261455782018368
2024-05-29,0.6221875046609395
2024-05-30,0.6189251643870594
2024-05-31,0.6171745352126268
2024-06-03,0.620099507776183
2024-06-04,0.6192461633481564
2024-06-05,0.6303882824805674
2024-06-06,0.6285474774478361
2024-06-07,0.6283624007845863
2024-06-10,0.6317114908490552
2024-06-11,0.6313656327719003
2024-06-12,0.6381703920794721
2024-06-13,0.6417506418162686
2024-06-14,0.6423348080983617
2024-06-17,0.646228288020737
2024-06-18,0.6497832245744409
2024-06-20,0.6432159304437503
2024-06-21,0.6397433763628946
2024-06-24,0.631638740661282
2024-06-25,0.6370081410780609
2024-06-26,0.6362468886143953
2024-06-27,0.634419286522364
2024-06-28,0.6360605062668099
2024-07-01,0.6363355919087154
2024-07-02,0.6386437466209075
2024-07-03,0.6438123052228507
2024-07-05,0.6438973052984388
2024-07-08,0.6476738576918939
2024-07-09,0.6481724515517495
2024-07-10,0.6534526978963816
2024-07-11,0.64499904160854
2024-07-12,0.6478734851672888
2024-07-15,0.6473573303489888
2024-07-16,0.6472572777536909
2024-07-17,0.630214197088466
2024-07-18,0.6314202895430409
2024-07-19,0.6245553366157083
2024-07-22,0.6333950524620866
2024-07-23,0.6307999516823886
2024-07-24,0.6176651644918575
2024-07-25,0.6132840209847075
2024-07-26,0.6170074315665538
2024-07-29,0.6153184992800899
2024-07-30,0.606042734226592
2024-07-31,0.6234654771278524
2024-08-01,0.6076385495221336
2024-08-02,0.5942110552022454
2024-08-05,0.5884792573444069
2024-08-06,0.5931374433734435
2024-08-07,0.5863796552024675
2024-08-08,0.601240398499167
2024-08-09,0.6011764237336188
2024-08-12,0.6034137535704256
2024-08-13,0.6129127225639563
2024-08-14,0.6131135183253984
2024-08-15,0.622875256085734
2024-08-16,0.6231991640615074
2024-08-19,0.6275551065250855
2024-08-20,0.6244797314761885
2024-08-21,0.6268936739976994
2024-08-22,0.6190711278399215
2024-08-23,1.0
2024-08-26,1.0
2024-08-27,1.0
2024-08-28,1.0
2024-08-29,1.0
2024-08-30,0.600997310664826
2024-09-03,0.5821520620642969
2024-09-04,0.5815679364959377
2024-09-05,0.5811450568921568
2024-09-06,0.5708469918703545
2024-09-09,0.5763141328285113
2024-09-10,0.5786116610065875
2024-09-11,0.5908362242495705
2024-09-12,0.5913534513680389
2024-09-13,0.59443976055763
2024-09-16,0.5912501169404715
2024-09-17,1.0000000000000002
2024-09-18,1.0000000000000002
2024-09-19,1.0000000000000002
2024-09-20,1.0000000000000002
2024-09-23,1.0000000000000002
2024-09-24,1.0000000000000002
2024-09-25,1.0000000000000002
2024-09-26,1.0000000000000002
2024-09-27,1.0000000000000002
2024-09-30,1.0000000000000002
2024-10-01,1.0000000000000002
2024-10-02,1.0000000000000002
2024-10-03,1.0000000000000002
2024-10-04,1.0000000000000002
2024-10-07,1.0000000000000002
2024-10-08,1.0000000000000002
2024-10-09,1.0000000000000002
2024-10-10,1.0000000000000002
2024-10-11,1.0000000000000002
2024-10-14,1.0000000000000002
2024-10-15,1.0000000000000002
2024-10-16,1.0000000000000002
2024-10-17,1.0000000000000002
2024-10-18,1.0000000000000002
2024-10-21,1.0000000000000002
2024-10-22,1.0000000000000002
2024-10-23,1.0000000000000002
2024-10-24,1.0000000000000002
2024-10-25,1.0000000000000002
2024-10-28,1.0000000000000002
2024-10-29,1.0000000000000002
2024-10-30,1.0000000000000002
2024-10-31,1.0000000000000002
2024-11-01,0.6005496324052483
2024-11-04,0.6000786143101028
2024-11-05,0.6040087200517149
2024-11-06,0.6101723176802986
2024-11-07,0.6158843391056659
2024-11-08,0.6143556500483036
2024-11-11,0.6089737918098901
2024-11-12,0.6073989517938378
2024-11-13,0.6033526345137381
2024-11-14,0.603883441051284
2024-11-15,0.5957888668131005
2024-11-18,0.5973783919917387
2024-11-19,0.5999901586692966
2024-11-20,0.5983716954804793
2024-11-21,0.6018684560328663
2024-11-22,0.6004221698817399
2024-11-25,0.599478418849018
2024-11-26,0.597258869593179
2024-11-27,0.5940754466650993
2024-11-29,0.5979650503178517
2024-12-02,0.6035844334859763
2024-12-03,0.604114649819516
2024-12-04,0.6081266615183347
2024-12-05,0.6039990939934178
2024-12-06,1.0
2024-12-09,1.0
2024-12-10,0.5935175378543815
2024-12-11,0.5993366453224263
2024-12-12,0.5969974697040165
2024-12-13,0.6029581310041712
2024-12-16,0.6065335564811433
2024-12-17,0.6034086124144636
2024-12-18,0.5956286108153291
2024-12-19,0.5924992038768487
2024-12-20,0.5963439515551294
2024-12-23,0.6037573485566289
2024-12-24,0.6058105049628003
2024-12-26,0.6053920623279101
2024-12-27,0.6029686343765107
2024-12-30,0.5993311619758364
2024-12-31,1.0
2025-01-02,0.6002648227654485
2025-01-03,0.6070958047906603
2025-01-06,0.6148472537668656
2025-01-07,0.6091307078982999
2025-01-08,0.6074269546159585
2025-01-10,0.6025938854480045
2025-01-13,0.6001177349258675
2025-01-14,0.60090095999813
2025-01-15,0.6064602869830131
2025-01-16,0.6074836712506366
2025-01-17,0.6130369616021638
2025-01-21,0.6168028709286527
2025-01-22,0.6210608038633685
2025-01-23,0.6207786922698989
2025-01-24,0.6160266280109757
2025-01-27,0.5912642874478504
2025-01-28,0.5959649254960341
2025-01-29,0.5950415176147852
2025-01-30,0.6006369664530582
2025-01-31,0.5991146748263853
2025-02-03,0.5942856176901811
2025-02-04,0.596983804790484
2025-02-05,0.6025551331886135
2025-02-06,0.6037241990589655
2025-02-07,0.6004705640483262
2025-02-10,0.6049438459809324
2025-02-11,0.605183049059796
2025-02-12,0.6038782673815892
2025-02-13,0.6071336621954367
2025-02-14,0.6077575756005551
2025-02-18,0.6111632256294242
2025-02-19,0.6121992572502317
2025-02-20,0.6126231557261869
2025-02-21,0.6052977806449783
2025-02-24,0.5989173980080187
2025-02-25,0.5937497283523524
2025-02-26,0.5993117576746818
2025-02-27,0.5839409013448352
2025-02-28,0.5881248076014051
2025-03-03,0.5777111879187223
2025-03-04,0.5801258518519808
2025-03-05,0.5845876590611682
2025-03-06,0.5741479203216538
2025-03-07,0.5799744008069487
2025-03-10,0.568226149272574
2025-03-11,0.5678713318308631
2025-03-12,0.5749695847655439
2025-03-13,0.5738919037222667
2025-03-14,0.5815700584990744
2025-03-17,0.5841213707888281
2025-03-18,0.5803312439333653
2025-03-19,0.5824703071729663
2025-03-20,0.5820849540597075
2025-03-21,0.5796278021519918
2025-03-24,0.5858856920794109
2025-03-25,0.5848521561605754
2025-03-26,0.5766143954857105
2025-03-27,0.5718775413178143
2025-03-28,0.5655101837959399
2025-03-31,0.5646980153326935
2025-04-01,0.5658804608806371
2025-04-02,0.5677223672053028
2025-04-03,0.5453962428738078
2025-04-04,0.5258667401406696
2025-04-07,0.5314541820237264
2025-04-08,0.5246916445748193
2025-04-09,0.5639528180637345
2025-04-10,0.5462061759063537
2025-04-11,0.5525586176324843
2025-04-14,0.5529267610803892
2025-04-15,0.554527235519542
2025-04-16,0.543844272777012
2025-04-17,0.5415092362724254
2025-04-21,0.5353671546565507
2025-04-22,0.5406953701670205
2025-04-23,0.5495915367120552
2025-04-24,0.5617724816999625
2025-04-25,0.5652784552153634
2025-04-28,0.5637427468347675
2025-04-29,0.5633220323739508
2025-04-30,0.564477049752133
2025-05-01,0.5656606944255732
2025-05-02,0.5733119272581639
2025-05-05,0.5717200630599857
2025-05-06,0.5694350198672439
2025-05-07,0.5744147521167579
2025-05-08,0.5765484064005276
2025-05-09,0.578137383730536
2025-05-12,0.5928975121408003
2025-05-13,0.601018163517859
2025-05-14,0.6033770956797454
2025-05-15,0.6025454476510297
2025-05-16,0.6018562234598219
2025-05-19,0.6014571202272676
2025-05-20,0.6009986269043767
2025-05-21,0.596983804790484
2025-05-22,0.5963251176881325
2025-05-23,0.5929280105529429
2025-05-27,0.6004411854040274
2025-05-28,0.5978686279466814
2025-05-29,0.5995676593009642
2025-05-30,0.5952627136421828
2025-06-02,0.598798956828624
2025-06-03,0.6041476025502303
2025-06-04,0.6069726453004705
2025-06-05,0.6065457606694679
2025-06-06,0.6078990978305916
2025-06-09,0.611848345430663
2025-06-10,0.6165144090519111
2025-06-11,0.6163429145519358
2025-06-12,0.6174862351594705
2025-06-13,0.6118760705940544
2025-06-16,0.6176925864340108
2025-06-17,0.6160808871739186
2025-06-18,0.6169829358870755
2025-06-20,0.6148836322285104
2025-06-23,0.6163790386753504
2025-06-24,0.6248715052702704
2025-06-25,0.6280046182353439
2025-06-26,0.6296946943377059
2025-06-27,0.6307181172421211
2025-06-30,0.631102517132326
2025-07-01,0.6285471040920323
2025-07-02,0.6330704582729283
2025-07-03,0.6350175392671116
2025-07-07,0.6318357063410988
2025-07-08,0.6349031046256124
2025-07-09,0.6364825834468668
2025-07-10,0.6381769566585831
2025-07-11,0.6381528618424108
2025-07-14,0.6364014924523256
2025-07-15,0.6407920924852897
2025-07-16,0.639584916695457
2025-07-17,0.6415109361519025
2025-07-18,0.6404038349172723
2025-07-21,0.6405624072386451
2025-07-22,0.636442030060778
2025-07-23,0.637444666544532
2025-07-24,0.638401695151596
2025-07-25,0.6381528618424108
2025-07-28,0.6412742916884315
2025-07-29,0.6424466455766238
2025-07-30,0.6450624966950292
2025-07-31,0.6391860494096168
2025-08-01,0.635287014068175
2025-08-04,0.640308619488716
2025-08-05,0.6378393615833623
2025-08-06,0.6374527382044872
2025-08-07,0.6410451986848786
2025-08-08,0.642940050573638
2025-08-11,0.6428383403967428
2025-08-12,0.6480055155642443
2025-08-13,0.6489001246296303
2025-08-14,0.6493834173471877
2025-08-15,0.6445904346318649
2025-08-18,0.6455255669622477
2025-08-19,0.6408474998027612
2025-08-20,0.6393297462270424
2025-08-21,0.6381287638169415
2025-08-22,0.643026076999788
2025-08-25,0.6432448338286478
2025-08-26,0.6454407647634688
2025-08-27,0.6461411411983055
2025-08-28,0.6470757905724721
2025-08-29,0.6403879772751325
2025-09-02,0.6373398257433234
2025-09-03,0.6372994634073252
2025-09-04,0.6400464925450852
2025-09-05,0.6427444339783506
2025-09-08,0.6452632876704449
2025-09-09,0.6462563248951727
2025-09-10,0.6485594768466076
2025-09-11,0.6508926697003614
2025-09-12,0.6511840331143026
2025-09-15,0.653298366355364
2025-09-16,0.6533278440966882
2025-09-17,0.6518767870321112
2025-09-18,0.6603770973610137
2025-09-19,0.6594832012360666
2025-09-22,0.664017038028501
2025-09-23,0.6636912577138367
2025-09-24,0.6632813809294543
2025-09-25,0.6632466079845434
2025-09-26,0.6637744975185008
2025-09-29,0.6643560032399358
2025-09-30,0.6668936926863493
2025-10-01,0.6718094549475917
2025-10-02,0.6747885230256796
2025-10-03,0.6737732308124235
2025-10-06,0.6780894873433791
2025-10-07,0.6740146170032066
2025-10-08,0.6797904745118208
2025-10-09,0.6792486076996155
2025-10-10,0.6661979638997291
2025-10-13,0.6757652596786353
2025-10-14,0.6716838790701121
2025-10-15,0.677069158590636
2025-10-16,0.6780386104349462
2025-10-17,0.6777394664035522
2025-10-20,0.6805121794636095
2025-10-21,0.6793053992475284
2025-10-22,0.6750219244088165
2025-10-23,0.6789896423597003
2025-10-24,0.68294803033905
2025-10-27,0.6882832067740957
2025-10-28,0.6901613575301503
2025-10-29,0.6933668469582617
2025-10-30,0.6905260666629339
2025-10-31,0.6901083461674181
2025-11-03,0.6919122549753215
2025-11-04,0.6839438541385041
2025-11-05,0.6880207187124434
2025-11-06,0.6829171820277998
2025-11-07,0.6810747367278196
2025-11-10,0.6875962212124955
2025-11-11,0.6828925028331214
2025-11-12,0.6856321754303616
2025-11-13,0.6790022977310908
2025-11-14,0.6791034081024954
2025-11-17,0.6761195602384787
2025-11-18,0.6715449578995936
2025-11-19,0.6755652269579672
2025-11-20,0.6660338355169833
2025-11-21,0.6667370891388323
2025-11-24,0.6753584557026157
2025-11-25,0.6759328631354726
2025-11-26,0.6808186937660513
2025-11-28,0.6836494424285937
2025-12-01,0.6840663577661534
2025-12-02,0.6879789114199613
2025-12-03,0.6909016168056831
2025-12-04,0.6892695493083361
2025-12-05,0.6909309311717255
2025-12-08,0.693332235532904
2025-12-09,0.693591630928262
2025-12-10,0.6965010506780871
2025-12-11,0.6946763166379617
2025-12-12,0.6847750401533298
2025-12-15,1.0
2025-12-16,1.0
2025-12-17,1.0
2025-12-18,0.5975290114179711
2025-12-19,0.6036534786607864
2025-12-22,0.6067119853154587
2025-12-23,0.6089939066742449
2025-12-24,0.6096550400539398
2025-12-26,0.6107562778099759
2025-12-29,0.6096811629220767
2025-12-30,0.609092231418173
2025-12-31,0.6069970208610556
2026-01-02,0.6155314270654613
2026-01-05,0.6182319631069483
2026-01-06,0.6244001463814781
2026-01-07,0.6228204291553238
2026-01-08,0.6190988503965158
2026-01-09,0.6253657213002
2026-01-12,0.6262305020392214
2026-01-13,0.6267510379442112
2026-01-14,0.6248413115635495
2026-01-15,0.6296441779559686
2026-01-16,0.6319707536653527
2026-01-20,0.6260686667539677
2026-01-21,0.6328631468561372
2026-01-22,0.6333769258459596
2026-01-23,0.6317963925884474
2026-01-26,0.6310564819052138
2026-01-27,0.6359129851389269
2026-01-28,0.6411686783863254
2026-01-29,0.6416594731781957
2026-01-30,0.6337454817740523
2026-02-02,0.6363218568220281
2026-02-03,0.6303897584663019
2026-02-04,0.620981090471935
2026-02-05,0.9999999999999999
2026-02-06,0.6075326987074232
2026-02-09,0.6104786338546236
2026-02-10,0.6093702935579347
2026-02-11,0.615175446954032
2026-02-12,0.6101625998366959
2026-02-13,0.6111033326528644
2026-02-17,0.610980892125421
2026-02-18,0.6138984503721554
2026-02-19,0.6125435536258848
2026-02-20,0.6153180809239673
2026-02-23,0.614087965861176
2026-02-24,0.6176591887149299
2026-02-25,0.6215627498846621
2026-02-26,0.6135879610314037
2026-02-27,0.6103148316611464
2026-03-02,0.6103265478675447
2026-03-03,0.6011436796863718
2026-03-04,0.6060130548255686
2026-03-05,0.6037567728958612
2026-03-06,0.5946002158837946
2026-03-09,0.6031628589511653
2026-03-10,0.604951288484439
2026-03-11,0.6071642974418471
2026-03-12,0.599339090296303
2026-03-13,0.5988435155921897
2026-03-16,0.6028895606878506
2026-03-17,0.6046804488624443
2026-03-18,0.6027375594121348
2026-03-19,0.6034964043881477
2026-03-20,0.5972306887123648
2026-03-23,0.6013275259154336
2026-03-24,0.6032963407415102
2026-03-25,0.605965178854009
2026-03-26,0.5947774925697882
2026-03-27,0.5905635986544688
2026-03-30,0.582848774239219
2026-03-31,0.5963911531937003
2026-04-01,0.6017008492862713
2026-04-02,0.6019147338862445
2026-04-06,0.6041376355552791
2026-04-07,0.6064910661684068
2026-04-08,0.6197659197063458
2026-04-09,0.6238395915656082
2026-04-10,0.6273886522714109
2026-04-13,0.6308135857861691
2026-04-14,0.6353073390599545
2026-04-15,0.6358192123500842
2026-04-16,0.6367369661898331
2026-04-17,0.6414357257329991
2026-04-20,0.6413365902778055
2026-04-21,0.641683309674407
2026-04-22,0.6476057974791611
2026-04-23,0.6499921268643123
2026-04-24,0.6612293866693656
2026-04-27,0.6611497548236978
2026-04-28,0.6543562808506145
2026-04-29,0.6581676884870287
2026-04-30,0.6613531885588558
2026-05-01,0.6627178387039726
2026-05-04,0.6613841282656661
2026-05-05,0.6682676471953838
2026-05-06,0.6793646579481489
2026-05-07,0.6754908741154648
2026-05-08,0.6858782263858471
2026-05-11,0.6895502310790664
2026-05-12,0.6838535358545811
2026-05-13,0.6881135371544267
2026-05-14,0.6903024596359266
2026-05-15,0.6819507926612074
2026-05-18,0.6779318615326605
2026-05-19,0.6770499712724951
2026-05-20,0.6851616490616436
2026-05-21,0.6863869993378211
2026-05-22,0.6895539491682532
2026-05-26,0.6988571723260703
2026-05-27,0.6965183761531276
2026-05-28,0.698047627493329
2026-05-29,0.6977310320108027
2026-06-01,0.7008259496964733
2026-06-02,0.709012609903971
2026-06-03,0.7108576961563429
2026-06-04,0.7074772954568068
2026-06-05,0.6870715970515211
2026-06-08,0.6974596400133652
2026-06-09,0.6949161811110928
2026-06-10,0.6875313444260598
2026-06-11,0.7013906181304719
2026-06-12,0.7049592925078324
2026-06-15,0.7137919482336048
2026-06-16,0.7036247269348392
2026-06-17,0.7062984922302581
2026-06-18,0.7177705858546374
2026-06-22,0.72051572454149
2026-06-23,0.7056587971461705
2026-06-24,0.7046099544821185
2026-06-25,0.7105286596307276
2026-06-26,0.7021310675938149
2026-06-29,0.7089375194019881
2026-06-30,0.7165403631236862
2026-07-01,0.7051269432386107
2026-07-02,0.695374642578982
2026-07-06,0.6996102234087409
2026-07-07,1.0
2026-07-08,0.6072376928533705
2026-07-09,0.6130739466933018
2026-07-10,0.614357775583001
2026-07-13,0.604246909238755
2026-07-14,0.6101558740508536
2026-07-15,0.6063387589820008
2026-07-16,0.5973080467478948
2026-07-17,0.5920007146972477
2026-07-20,0.5929964807663001
2026-07-21,0.6036170724761184
2026-07-22,0.6047729598188586
2026-07-23,0.6020088611249792
2026-07-24,0.5940131826529079
2026-07-27,0.5885076993665554
2026-07-28,0.5799682964572668
2026-07-29,0.5679602834693058
2026-07-30,0.5842029987012914
2026-07-31,0.5849364294299765
2026-08-03,0.587139046137381
2026-08-04,0.600158456956037
2026-08-05,0.5976375620009677
2026-08-06,0.5983874754861328
2026-08-07,0.6030509576248516
2026-08-10,0.5975151010183528
2026-08-11,0.5989963131315678
2026-08-12,0.6039240657675823
2026-08-13,1.0
2026-08-14,1.0
2026-08-17,1.0
2026-08-18,1.0
2026-08-19,0.5940103294476083
2026-08-20,0.5947527836118414
2026-08-21,0.5937952454539706
2026-08-24,0.5878474219059064
2026-08-25,0.5918057382075357
2026-08-26,0.5917840112472983
2026-08-27,0.5991384127974712
2026-08-28,0.5906244940802555
2026-08-31,0.5921574777627204
2026-09-01,0.5871461373765839
2026-09-02,0.5894715725609584
2026-09-03,0.5904014262809921
2026-09-04,0.5966118986132454
2026-09-08,0.5994441489971141
2026-09-09,0.5996783756782058
2026-09-10,0.593735001061824
2026-09-11,1.0
2026-09-14,1.0
