ticker,window_id,window,BH,C1_25,D1,D2,D3
TSLA,y2018,2018年底,0.11564759267555624,-0.003915046802195232,0.27916714438475565,0.003137023466484923,0.1477288244476691
TSLA,y2020,2020年3月,-0.4940703431701109,-0.4940703431701109,-0.5072377348773834,-0.5192749215297385,-0.5338398292217013
TSLA,y2022,2022下跌,-0.4180718792645425,-0.08756486618369186,-0.47823003051535173,-0.35682690875952683,-0.39876899734024107
MU,y2018,2018年底,-0.3583906166252998,-0.08645824266005975,-0.3304861166316496,-0.14089312804890752,-0.11298862805525711
MU,y2020,2020年3月,-0.33766216259514614,-0.33766216259514614,-0.32762795968133984,-0.30073909034344004,-0.2927534199062173
MU,y2022,2022下跌,-0.4309498891132587,-0.1564472268008047,-0.424914344747383,-0.32565891301159133,-0.30181735239341667
TSM,y2018,2018年底,-0.2008605035584582,-0.08404201664344535,-0.17391755454281677,-0.13197866840439043,-0.09980869445603524
TSM,y2020,2020年3月,-0.18673200419602431,-0.18673200419602443,-0.19206376609114062,-0.17789797868101176,-0.18273066944644423
TSM,y2022,2022下跌,-0.46029642363982004,-0.11585047865457032,-0.33354903578733164,-0.39208716450836745,-0.26948225014109706
NVDA,y2018,2018年底,-0.5473376519345154,-0.3244087791588448,-0.5222617876218734,-0.4532888659098335,-0.4222910187760205
NVDA,y2020,2020年3月,-0.2824048083319832,-0.2824048083319832,-0.31573275711251025,-0.26256548186299156,-0.29113835486227135
NVDA,y2022,2022下跌,-0.6180127747052706,-0.4318278811275933,-0.5803305752628931,-0.541875368251227,-0.5028782878931638
QQQ,y2018,2018年底,-0.22541271723919964,-0.10787479150019053,-0.21208053481425093,-0.18041894316268225,-0.16706408906826875
QQQ,y2020,2020年3月,-0.2722563020156902,-0.2722563020156903,-0.2902734662779928,-0.27251902742534606,-0.29057213421937844
QQQ,y2022,2022下跌,-0.3413743876274127,-0.14866415475554018,-0.26766138814838036,-0.3584114481608237,-0.285296367987002
SMH,y2018,2018年底,-0.22485084939646072,-0.0555899689336149,-0.18676751938765535,-0.13833909666482824,-0.10313191693214951
SMH,y2020,2020年3月,-0.2938759763695419,-0.29387597636954177,-0.2959641131091346,-0.277681042413354,-0.27954464456394157
SMH,y2022,2022下跌,-0.4392629996823755,-0.21105412407628277,-0.3553663994177062,-0.3840587208129571,-0.30224965280301397
