ticker,strategy,total_return,maxdd,ann_return,sharpe,capture,dd_improve,meets_bar,premium_in,premium_out,avg_call_yield,avg_put_yield,n_called,n_early_itm,n_opened_call,n_opened_put,actual_start,actual_end
TSLA,BH,26.635591177240183,-0.736322174421912,0.39510193931580107,0.8557620830414562,1.0,0.0,False,,,,,0,0,0,0,2016-09-15,2026-09-14
TSLA,C1_25,16.608772400670475,-0.606265385382069,0.3334282044640502,0.8450579244035258,0.6235556136205637,0.13005678903984297,False,,,,,0,0,0,0,2016-09-15,2026-09-14
TSLA,D1,12.435479816072903,-0.9903042204356807,0.297730866324867,0.6704396942229157,0.46687455642805037,-0.2539820460137687,False,19.50115484940023,0.0,0.025720143516553686,,21,0,63,0,2016-09-15,2026-09-14
TSLA,D2,28.58020373798596,-0.6351091518419354,0.4046515016176131,0.8882433586265219,1.073008049560673,0.10121302257997655,True,0.0,15.843779390501005,,0.020485985407915783,0,0,0,63,2016-09-15,2026-09-14
TSLA,D3,14.380092376818675,-0.8671859253000159,0.31544867184929615,0.7274814596830105,0.5398826059887233,-0.13086375087810398,False,19.50115484940023,15.843779390501005,0.025720143516553686,0.020485985407915783,21,0,63,63,2016-09-15,2026-09-14
MU,BH,55.0143438630091,-0.5762896481922276,0.49756854143583995,1.0399449827901754,1.0,0.0,False,,,,,0,0,0,0,2016-09-15,2026-09-14
MU,C1_25,50.28802595431373,-0.4471594177259587,0.48438374348390667,1.1333222350243153,0.914089352397543,0.12913023046626892,True,,,,,0,0,0,0,2016-09-15,2026-09-14
MU,D1,54.261045813313764,-0.5470430753736412,0.49553582381001915,1.068103721097793,0.986307242860678,0.029246572818586447,False,4.330222542538563,0.0,0.023766077813438816,,14,1,48,0,2016-09-15,2026-09-14
MU,D2,55.446701280442085,-0.5169797686367588,0.49872414282848343,1.1088258412954308,1.0078589943471759,0.05930987955546885,False,0.0,3.134724911108771,,0.016886678383309404,0,0,0,48,2016-09-15,2026-09-14
MU,D3,54.693403230746746,-0.46433437424343005,0.4967055329831471,1.1424303013901416,0.9941662372078538,0.11195527394879756,True,4.330222542538563,3.134724911108771,0.023766077813438816,0.016886678383309404,14,1,48,48,2016-09-15,2026-09-14
TSM,BH,17.35927669808241,-0.5646657284046643,0.3390230668331571,1.0124825830599955,1.0,0.0,False,,,,,0,0,0,0,2016-09-15,2026-09-14
TSM,C1_25,14.7926834176217,-0.36817380641134145,0.31894676439644165,1.0630267015952928,0.8521486047431787,0.19649192199332288,True,,,,,0,0,0,0,2016-09-15,2026-09-14
TSM,D1,16.145013410571536,-0.4322085491081059,0.3298627469900197,1.0191090083512997,0.9300510436794289,0.13245717929655842,True,2.1556332852659392,0.0,0.01632886463764419,,11,0,37,0,2016-09-15,2026-09-14
TSM,D2,17.16686836652775,-0.5144869890458967,0.3376085975269576,1.0439414155855131,0.988916108954245,0.0501787393587676,False,0.0,0.9762817929834653,,0.006397060984383075,0,0,0,37,2016-09-15,2026-09-14
TSM,D3,15.952605079016877,-0.4188207399894659,0.3283579554829128,1.0463059460859117,0.9189671526336739,0.14584498841519844,True,2.1556332852659392,0.9762817929834653,0.01632886463764419,0.006397060984383075,11,0,37,37,2016-09-15,2026-09-14
NVDA,BH,140.99154606337606,-0.6633508587870276,0.6440373609551293,1.2421513415840377,1.0,0.0,False,,,,,0,0,0,0,2016-09-15,2026-09-14
NVDA,C1_25,79.01355264095426,-0.5034572231265677,0.5521098620583855,1.2484373589593245,0.5604134066693436,0.1598936356604599,False,,,,,0,0,0,0,2016-09-15,2026-09-14
NVDA,D1,115.72787335320609,-0.6313342747346753,0.6120399231764793,1.2219415900489987,0.8208142728017616,0.032016584052352304,False,35.03266512102583,0.0,0.025439724624027923,,17,1,38,0,2016-09-15,2026-09-14
NVDA,D2,125.53802961299006,-0.5953547036890419,0.6251430836843674,1.2795338304501889,0.8903940209050576,0.06799615509798573,False,0.0,23.709618562329798,,0.020175713556381383,0,0,0,38,2016-09-15,2026-09-14
NVDA,D3,100.27435690282007,-0.5622765620708713,0.5892369119443202,1.2481339694616163,0.711208293706819,0.10107429671615631,False,35.03266512102583,23.709618562329798,0.025439724624027923,0.020175713556381383,17,1,38,38,2016-09-15,2026-09-14
QQQ,BH,5.559311455008425,-0.35118730046374924,0.20766358537146834,0.9502273894435695,1.0,0.0,False,,,,,0,0,0,0,2016-09-15,2026-09-14
QQQ,C1_25,4.207613941535962,-0.2855936043663144,0.1800274417264347,0.9821492880094267,0.7568588260593481,0.06559369609743482,False,,,,,0,0,0,0,2016-09-15,2026-09-14
QQQ,D1,4.717931549222982,-0.3043021932726915,0.19114615752039654,0.9198703836789766,0.8486539362662552,0.04688510719105776,False,1.1745699655730326,0.0,0.013542807690348041,,10,1,30,0,2016-09-15,2026-09-14
QQQ,D2,5.302065454993513,-0.3759772606030831,0.20282626646986235,0.9598175145003374,0.9537270034073811,-0.024789960139333878,False,0.0,0.36130091874496484,,0.003981960278761023,0,0,0,30,2016-09-15,2026-09-14
QQQ,D3,4.460685549208071,-0.30461212489482437,0.18565819926599292,0.9230257084291122,0.8023809396736364,0.046575175568924876,False,1.1745699655730326,0.36130091874496484,0.013542807690348041,0.003981960278761023,10,1,30,30,2016-09-15,2026-09-14
SMH,BH,17.248914062788334,-0.45302636110769334,0.3382133880958822,1.0378598149795997,1.0,0.0,False,,,,,0,0,0,0,2016-09-15,2026-09-14
SMH,C1_25,15.552637761318646,-0.3362233260742872,0.3251800690007922,1.152037613701578,0.9016589510913546,0.11680303503340617,True,,,,,0,0,0,0,2016-09-15,2026-09-14
SMH,D1,17.66286016819151,-0.37124088782258013,0.34122793510518057,1.1163219097853536,1.0239983864431326,0.08178547328511321,False,2.6506295087589975,0.0,0.017731045093315998,,14,0,36,0,2016-09-15,2026-09-14
SMH,D2,16.9990085646814,-0.39877943513666125,0.3363635424114597,1.0913535539636707,0.9855118126742795,0.05424692597103209,False,0.0,1.3759005769607469,,0.008373180203344419,0,0,0,36,2016-09-15,2026-09-14
SMH,D3,17.412954670084574,-0.3202186668511019,0.3394152951850782,1.1717716701832368,1.0095101991174118,0.13280769425659145,True,2.6506295087589975,1.3759005769607469,0.017731045093315998,0.008373180203344419,14,0,36,36,2016-09-15,2026-09-14
