id,group,name_zh,hypothesis,total_return,ann_return,maxdd,win_rate,n_trades,avg_win,avg_loss,payoff,profit_factor,sharpe,calmar,avg_hold_days,avg_trade_pnl,excess_vs_bh,excess_vs_d3,d_win_rate,d_maxdd,n_days,years
D3,BASE,D3 基準：綠飄帶進／零軸或轉紅出,v1 建議組，當「更好打」的比較基準，不是新優化。,1.715293,0.222302,-0.330859,0.458333,24,0.191209,-0.062118,3.078185,2.604618,0.846019,0.671894,12.291667,0.053991,1.257544,0.000000,0.000000,0.000000,1254,4.976200
V_BASIS,V,綠飄帶且收盤＞BASIS,假設：價格已站上中軌再跟，假轉折較少，勝率會升、回撤不會明顯變差。,1.715293,0.222302,-0.330859,0.458333,24,0.191209,-0.062118,3.078185,2.604618,0.846019,0.671894,12.291667,0.053991,1.257544,0.000000,0.000000,0.000000,1254,4.976200
V_UP1,V,綠飄帶且收盤＞UP1,假設：只要站上上軌的強勢段，避開軌道內雜訊；代價是筆數變少、可能漏大波。,1.622077,0.213751,-0.330859,0.434783,23,0.206775,-0.062118,3.328772,2.560594,0.830556,0.646050,12.260870,0.054792,1.164327,-0.093217,-0.023551,0.000000,1254,4.976200
V_TREND,V,"綠飄帶且 TREND(EMA BX,2) 向上",假設：BX 的 2 期 EMA 在正區且比昨高，動能同向，能擋「轉綠但買盤已轉弱」。,0.610825,0.100545,-0.367245,0.368421,19,0.197662,-0.059213,3.338153,1.947256,0.524307,0.273782,11.473684,0.035425,0.153075,-1.104468,-0.089912,-0.036386,1254,4.976200
V_RSI4065,V,綠飄帶且 RSI2 在 40–65,假設：避開過冷反彈失敗與過熱追價；v1 已知 RSI2<70 幾乎沒濾到，改縮到中段帶。,1.246643,0.176639,-0.278359,0.454545,22,0.177265,-0.059651,2.971728,2.476440,0.751107,0.634573,12.000000,0.048039,0.788894,-0.468650,-0.003788,0.052500,1254,4.976200
V_VOLCOMP,V,綠飄帶且 ATR% 低於近 20 日中位數,假設：波動壓縮時的綠飄帶比較像真突破，而不是大波動裡的假翻多。,1.363730,0.188713,-0.263287,0.450000,20,0.196581,-0.060276,3.261377,2.668399,0.801224,0.716758,12.300000,0.055310,0.905981,-0.351563,-0.008333,0.067572,1254,4.976200
V_CONF23,V,綠飄帶後第 2～3 根仍多且收紅,假設：不在轉綠當根追，等 2～3 根確認收盤仍是多頭且收紅，減少隔日立刻被打。,1.990685,0.246262,-0.218252,0.555556,18,0.168654,-0.049081,3.436220,4.295275,1.087063,1.128340,11.166667,0.071883,1.532936,0.275392,0.097222,0.112607,1254,4.976200
V_UPDAY,V,綠飄帶且當日收盤＞開盤,假設：轉綠當天是陽線才跟，陰線綠飄帶品質較差。,1.405659,0.192921,-0.367245,0.444444,18,0.214285,-0.059806,3.583015,2.866412,0.814605,0.525320,13.111111,0.062012,0.947909,-0.309634,-0.013889,-0.036386,1254,4.976200
V_SL8,V,D3 進出＋固定 8% 停損,假設：D3 輸家多在 -8%～-12%，硬停損能剪左尾、壓 MaxDD；勝率可能下降。,0.849058,0.131477,-0.302667,0.375000,24,0.207401,-0.064418,3.219621,1.931773,0.595920,0.434393,9.875000,0.037514,0.391308,-0.866236,-0.083333,0.028191,1254,4.976200
V_ATR2,V,D3 進出＋進場價 −2×ATR 停損,假設：用當下波動決定停損距離，比固定百分比更貼 TSLA 的脾氣。,1.246217,0.176594,-0.305403,0.416667,24,0.204379,-0.066675,3.065303,2.189502,0.725248,0.578233,11.000000,0.046264,0.788468,-0.469076,-0.041667,0.025456,1254,4.976200
V_TRAIL,V,D3 進出＋最高價 −2.5×ATR 移動停利,假設：賺到的波段用移動停利鎖住，回撤會小；可能提早下車少吃趨勢。,0.884932,0.135854,-0.317578,0.416667,24,0.168807,-0.058908,2.865604,2.046860,0.621527,0.427782,10.625000,0.035973,0.427183,-0.830361,-0.041667,0.013281,1254,4.976200
V_TIME15,V,D3 進出＋持有滿 15 日時間出場,假設：D3 平均抱約 12 日，15 日還不出代表波段沒走，先走避免變長虧。,2.240774,0.266539,-0.314900,0.458333,24,0.212701,-0.062118,3.424163,2.897369,1.004947,0.846423,10.875000,0.063841,1.783024,0.525480,0.000000,0.015959,1254,4.976200
V_COOL2,V,D3 進出＋連虧 2 筆跳過下一訊號,假設：連續挨打後立刻再進容易在壞環境加碼，冷卻一筆可改善體感與回撤。,0.958027,0.144572,-0.351391,0.400000,20,0.212616,-0.065257,3.258129,2.172086,0.646847,0.411427,11.600000,0.045892,0.500278,-0.757266,-0.058333,-0.020532,1254,4.976200
V_QUALITY,V,組合濾網：BASIS＋陽線＋TREND 向上,假設：預先指定的品質組合（不是掃參），同時滿足站上中軌、當日收紅、動能向上。,1.002028,0.149695,-0.367245,0.437500,16,0.197662,-0.055676,3.550208,2.761273,0.722846,0.407616,12.750000,0.055159,0.544279,-0.713265,-0.020833,-0.036386,1254,4.976200
CL_SMA50200,CL,雙均線 SMA50／SMA200 金叉死叉,經典趨勢：50 上穿 200 進、50 下穿 200 出。規則公開、不貼 THT／BX 語意。,-0.349470,-0.082777,-0.577386,0.250000,4,0.074963,-0.148279,0.505556,0.168519,-0.052873,-0.143366,124.000000,-0.092468,-0.807219,-2.064763,-0.208333,-0.246527,1254,4.976200
CL_EMA2050,CL,雙均線 EMA20／EMA50 金叉死叉,較快的均線交叉，對照 SMA50／200 是否太鈍。,0.003671,0.000737,-0.522058,0.300000,10,0.438042,-0.132137,3.315049,1.420735,0.195308,0.001411,61.100000,0.038916,-0.454078,-1.711622,-0.158333,-0.191199,1254,4.976200
CL_DONCHIAN,CL,海龜簡化：20 日高突破進／10 日低出,收盤突破前 20 日最高進，收盤跌破前 10 日最低出（確認收盤、次日開盤成交）。,0.989000,0.148187,-0.381583,0.450000,20,0.210409,-0.081095,2.594587,2.122844,0.574833,0.388348,22.850000,0.050082,0.531251,-0.726293,-0.008333,-0.050725,1254,4.976200
CL_RSI14_50,CL,RSI(14) 上穿 30 進／RSI＞50 出,標準 Wilder RSI14 超賣反彈；出場門檻 50（偏早鎖利）。,-0.087165,-0.018160,-0.545780,0.700000,10,0.070230,-0.154385,0.454903,1.061441,0.062573,-0.033274,18.500000,0.002846,-0.544915,-1.802458,0.241667,-0.214921,1254,4.976200
CL_RSI14_70,CL,RSI(14) 上穿 30 進／RSI＞70 出,同上進場，出場改 RSI＞70，讓反彈多跑一段。,0.371467,0.065537,-0.529211,0.666667,6,0.181386,-0.157388,1.152474,2.304948,0.355186,0.123838,73.500000,0.068461,-0.086283,-1.343827,0.208333,-0.198353,1254,4.976200
CL_TRENDVOL,CL,趨勢＋波動：收盤＞SMA50 且 ATR% 不過高,站上 50 日均且 ATR% 低於近 60 日 80 分位才做多；跌破 SMA50 或波動失控出。,0.236537,0.043589,-0.513576,0.243902,41,0.157000,-0.035707,4.396916,1.418360,0.301939,0.084874,13.560976,0.011295,-0.221213,-1.478756,-0.214431,-0.182718,1254,4.976200
F,F,Buy&Hold 對照,分析區間開盤買進、期末收盤賣出，與 v1 相同規則。,0.457750,0.078681,-0.736322,1.000000,1,0.457750,,,inf,0.424643,0.106857,1253.000000,0.457750,0.000000,,,,1254,4.976200
