ticker,window_id,window,start,end,bh_ret,bh_maxdd,v_ret,v_maxdd,a_ret,a_maxdd,b_ret,b_maxdd,b_less_loss
TSLA,y2018,2018年底,2018-10-01,2018-12-24,0.11564759267555624,-0.21603544178654677,-0.013758205742269158,-0.05725669091832819,-0.02787861900396671,-0.02787861900396671,-0.037877096966920765,-0.039021049458444534,-0.153524689642477
TSLA,y2020,2020年3月,2020-02-19,2020-03-23,-0.4940703431701109,-0.606265385382069,-0.12350013315492436,-0.13986566177850968,-0.4940703431701109,-0.6062653853820689,-0.4940703431701108,-0.6062653853820689,1.1102230246251565e-16
TSLA,y2022,2022下跌,2022-01-03,2022-10-14,-0.4180718792645425,-0.48743101476505124,0.2047147968274472,-0.1440430553788815,0.03500833535419012,-0.3631832679285303,-0.15835573665322977,-0.19445212577388737,0.2597161426113127
MU,y2018,2018年底,2018-10-01,2018-12-24,-0.3583906166252998,-0.36582189951599775,0.0,0.0,0.004140559932692911,0.0,0.004140559932692911,0.0,0.3625311765579927
MU,y2020,2020年3月,2020-02-19,2020-03-23,-0.33766216259514614,-0.42540419725432466,-0.05086447011009232,-0.08630482974152964,-0.33766216259514614,-0.42540419725432466,-0.2805328618548454,-0.35305889621960174,0.05712930074030076
MU,y2022,2022下跌,2022-01-03,2022-10-14,-0.4309498891132587,-0.49627530277393905,-0.13850087749746387,-0.1641928993805155,-0.18218580873493329,-0.2775348825796804,-0.14853803025589596,-0.14853803025589596,0.28241185885736275
TSM,y2018,2018年底,2018-10-01,2018-12-24,-0.2008605035584582,-0.20980740494118344,0.0,0.0,0.0,0.0,-0.12860611275250322,-0.13836195038714505,0.07225439080595497
TSM,y2020,2020年3月,2020-02-19,2020-03-23,-0.18673200419602431,-0.23132531426867098,0.0,0.0,0.0,0.0,0.0,0.0,0.18673200419602431
TSM,y2022,2022下跌,2022-01-03,2022-10-14,-0.46029642363982004,-0.5417724234541845,-0.08887240936957785,-0.08887240936957785,0.005776212447945905,-0.006749316773033698,0.0,0.0,0.46029642363982004
NVDA,y2018,2018年底,2018-10-01,2018-12-24,-0.5473376519345154,-0.5603844928264811,0.0,0.0,0.0,0.0,0.0,0.0,0.5473376519345154
NVDA,y2020,2020年3月,2020-02-19,2020-03-23,-0.2824048083319832,-0.375540369704624,0.0,0.0,-0.2824048083319832,-0.375540369704624,-0.28240480833198334,-0.375540369704624,-1.1102230246251565e-16
NVDA,y2022,2022下跌,2022-01-03,2022-10-14,-0.6180127747052706,-0.6270168839546721,-0.10990371525891873,-0.16807986413534381,-0.376460229859485,-0.40870012703066616,-0.36979728075063045,-0.3885284168551594,0.24821549395464015
BTC,y2018,2018年底,2018-10-01,2018-12-24,-0.3844144366628205,-0.5134320779267584,-0.06313860725052578,-0.06313860725052578,-0.0029200025232914983,-0.0029200025232914983,0.0,0.0,0.3844144366628205
BTC,y2020,2020年3月,2020-02-19,2020-03-23,-0.3673518622867247,-0.5098806940972156,0.0,0.0,0.0,0.0,0.0,0.0,0.3673518622867247
BTC,y2022,2022下跌,2022-01-03,2022-10-14,-0.5947709873027042,-0.6092464983165897,-0.07835650963285135,-0.11514660062283566,-0.20927032127326584,-0.26011008239348343,-0.18761543915799306,-0.26011008239348354,0.4071555481447111
QQQ,y2018,2018年底,2018-10-01,2018-12-24,-0.22541271723919964,-0.22699367258508296,0.0,0.0,-0.0687150725748108,-0.1450825921416925,-0.06871507257481091,-0.1450825921416925,0.15669764466438874
QQQ,y2020,2020年3月,2020-02-19,2020-03-23,-0.2722563020156902,-0.2855936043663143,0.0,0.0,-0.2722563020156903,-0.2855936043663143,0.0,0.0,0.2722563020156902
QQQ,y2022,2022下跌,2022-01-03,2022-10-14,-0.3413743876274127,-0.34765442444425,0.04057912657724172,-0.08931062672862145,-0.10006444667880277,-0.15081652129906165,-0.08445952883706143,-0.15081652129906153,0.25691485879035125
SMH,y2018,2018年底,2018-10-01,2018-12-24,-0.22485084939646072,-0.22926740293033931,0.0,0.0,0.0,0.0,0.0,0.0,0.22485084939646072
SMH,y2020,2020年3月,2020-02-19,2020-03-23,-0.2938759763695419,-0.3362233260742873,-0.05389926050404015,-0.08794751852232074,-0.2938759763695419,-0.3362233260742873,-0.22345666180122115,-0.28663376537086616,0.07041931456832073
SMH,y2022,2022下跌,2022-01-03,2022-10-14,-0.4392629996823755,-0.45136252940303545,-0.08760481806930198,-0.15801650811225643,-0.16094206669287148,-0.18666026819077552,-0.13502253368685257,-0.1866602681907754,0.3042404659955229
