ticker,name_zh,strategy,strategy_zh,is_primary,total_return,maxdd,win_rate,n_trades,avg_hold_days,bh_total_return,excess_vs_bh,beats_bh,ann_return,sharpe,actual_start,actual_end,n_bars
TSLA,特斯拉（v2 對照）,V_CONF23,PR #3 舊版（日線 BX 出場）,False,1.2256306426433397,-0.47179194117524714,0.4857142857142857,35,10.057142857142857,26.635591177240183,-25.409960534596845,False,0.08356748134242298,0.49059554748267425,2016-09-15,2026-09-14,2512
TSLA,特斯拉（v2 對照）,A_MONTHLY_EXIT,變體 A：只改月線深紅出場,False,16.90766662313724,-0.6062653853820689,0.5,20,64.25,26.635591177240183,-9.727924554102945,False,0.33568164243330156,0.8623773344672481,2016-09-15,2026-09-14,2512
TSLA,特斯拉（v2 對照）,B_OFFICIAL,變體 B：完整官方月線版（主要結果）,True,5.000035690604727,-0.6779378324618981,0.125,16,49.625,26.635591177240183,-21.635555486635457,False,0.1969147061570129,0.663140523722675,2016-09-15,2026-09-14,2512
MU,美光,V_CONF23,PR #3 舊版（日線 BX 出場）,False,0.19418787576371344,-0.5741705514433461,0.4523809523809524,42,8.857142857142858,55.0143438630091,-54.820155987245386,False,0.01796257398530221,0.18811417449233206,2016-09-15,2026-09-14,2512
MU,美光,A_MONTHLY_EXIT,變體 A：只改月線深紅出場,False,17.03661563712716,-0.6386016786049513,0.45,20,77.0,55.0143438630091,-37.97772822588195,False,0.3366433881024291,0.8995514822217486,2016-09-15,2026-09-14,2512
MU,美光,B_OFFICIAL,變體 B：完整官方月線版（主要結果）,True,13.207276457736253,-0.600280379754436,0.25,16,79.6875,55.0143438630091,-41.807067405272846,False,0.30502287670747075,0.883389648172765,2016-09-15,2026-09-14,2512
TSM,台積電 ADR,V_CONF23,PR #3 舊版（日線 BX 出場）,False,0.07944398563897881,-0.18097833641961425,0.3870967741935484,31,9.129032258064516,17.35927669808241,-17.279832712443433,False,0.00769843567467321,0.12516644688817982,2016-09-15,2026-09-14,2512
TSM,台積電 ADR,A_MONTHLY_EXIT,變體 A：只改月線深紅出場,False,9.732055223281964,-0.36817380641134134,0.75,8,203.125,17.35927669808241,-7.6272214748004465,False,0.2688098247026498,0.9846393475817714,2016-09-15,2026-09-14,2512
TSM,台積電 ADR,B_OFFICIAL,變體 B：完整官方月線版（主要結果）,True,2.973939127941104,-0.36817380641134134,0.16666666666666666,18,62.77777777777778,17.35927669808241,-14.385337570141306,False,0.14845228405137534,0.6959784981620366,2016-09-15,2026-09-14,2512
NVDA,輝達,V_CONF23,PR #3 舊版（日線 BX 出場）,False,1.0157597562567333,-0.27615187531637697,0.4857142857142857,35,10.17142857142857,140.99154606337606,-139.97578630711934,False,0.07285451213642391,0.4866712527117928,2016-09-15,2026-09-14,2512
NVDA,輝達,A_MONTHLY_EXIT,變體 A：只改月線深紅出場,False,27.990988284174897,-0.4959044317105652,0.6666666666666666,15,101.53333333333333,140.99154606337606,-113.00055777920116,False,0.4018191577327519,1.0867814382591618,2016-09-15,2026-09-14,2512
NVDA,輝達,B_OFFICIAL,變體 B：完整官方月線版（主要結果）,True,53.236615269043305,-0.4779128549175433,0.25,12,137.5,140.99154606337606,-87.75493079433275,False,0.4927310973378529,1.1865054477924726,2016-09-15,2026-09-14,2512
BTC,比特幣（BTC-USD 日線）,V_CONF23,PR #3 舊版（日線 BX 出場）,False,3.4623257036299986,-0.32692384673032227,0.44680851063829785,47,10.76595744680851,124.71710367319744,-121.25477796956744,False,0.10875129052477606,0.6665001345924163,2016-09-15,2026-09-13,3651
BTC,比特幣（BTC-USD 日線）,A_MONTHLY_EXIT,變體 A：只改月線深紅出場,False,75.87075828603045,-0.8305918252356691,0.5238095238095238,21,108.61904761904762,124.71710367319744,-48.84634538716699,False,0.3494579535152378,0.8930001262079587,2016-09-15,2026-09-13,3651
BTC,比特幣（BTC-USD 日線）,B_OFFICIAL,變體 B：完整官方月線版（主要結果）,True,93.85002437840785,-0.7415685456649403,0.25,12,177.16666666666666,124.71710367319744,-30.86707929478959,False,0.3691765293979534,0.9222007379784013,2016-09-15,2026-09-13,3651
QQQ,那斯達克 100 ETF,V_CONF23,PR #3 舊版（日線 BX 出場）,False,0.387551422899751,-0.10327472787788405,0.5,38,10.078947368421053,5.559311455008425,-5.171760032108674,False,0.0334041730645791,0.5352635300823816,2016-09-15,2026-09-14,2512
QQQ,那斯達克 100 ETF,A_MONTHLY_EXIT,變體 A：只改月線深紅出場,False,3.88746535209172,-0.2855936043663143,0.6,10,192.7,5.559311455008425,-1.6718461029167049,False,0.17254041960988453,0.9694906918190785,2016-09-15,2026-09-14,2512
QQQ,那斯達克 100 ETF,B_OFFICIAL,變體 B：完整官方月線版（主要結果）,True,3.380248316225684,-0.1546048585497809,0.3076923076923077,13,133.69230769230768,5.559311455008425,-2.179063138782741,False,0.15972273771327083,1.0366064071835843,2016-09-15,2026-09-14,2512
SMH,半導體 ETF,V_CONF23,PR #3 舊版（日線 BX 出場）,False,1.0397625524596052,-0.2121511839893353,0.5348837209302325,43,11.0,17.248914062788334,-16.209151510328727,False,0.07412927597084495,0.6255545171194022,2016-09-15,2026-09-14,2512
SMH,半導體 ETF,A_MONTHLY_EXIT,變體 A：只改月線深紅出場,False,11.85271927415149,-0.3362233260742873,0.5714285714285714,14,122.42857142857143,17.248914062788334,-5.396194788636844,False,0.2919707616048255,1.0782902326209085,2016-09-15,2026-09-14,2512
SMH,半導體 ETF,B_OFFICIAL,變體 B：完整官方月線版（主要結果）,True,2.5995646973377515,-0.28663376537086616,0.13333333333333333,15,74.73333333333333,17.248914062788334,-14.649349365450583,False,0.1371091339402546,0.7106826405923163,2016-09-15,2026-09-14,2512
