signal_date,entry_date,entry_price,exit_date,exit_price,bars_held,pnl_pct,invalidation,reason_exit,signal_m_color,exit_m_color
2017-01-30,2017-01-31,920.958984375,2018-07-01,6411.68017578125,516,5.955002132033399,,月線深紅，次日開盤,淺綠,深紅
2018-07-19,2018-07-20,7467.39990234375,2018-07-21,7352.72021484375,1,-0.01634152915175946,,月線深紅，次日開盤,深紅,深紅
2018-08-31,2018-09-01,7044.81005859375,2018-09-02,7189.580078125,1,0.01952984272142766,,月線深紅，次日開盤,深紅,深紅
2018-10-08,2018-10-09,6653.080078125,2018-10-10,6640.2900390625,1,-0.0029200025232914983,,月線深紅，次日開盤,深紅,深紅
2018-12-24,2018-12-25,4081.030517578125,2018-12-26,3819.666748046875,1,-0.06497906013154076,,月線深紅，次日開盤,深紅,深紅
2019-02-12,2019-02-13,3653.60400390625,2019-02-14,3631.170166015625,1,-0.007133557263192869,,月線深紅，次日開盤,深紅,深紅
2019-08-07,2019-08-08,11954.0400390625,2020-02-01,9346.357421875,177,-0.2189238362272815,,月線深紅，次日開盤,淺綠,深紅
2020-04-08,2020-04-09,7337.96630859375,2020-04-10,7303.8154296875,1,-0.005648846357432569,,月線深紅，次日開盤,深紅,深紅
2020-07-25,2020-07-26,9680.234375,2022-02-01,38481.765625,555,2.9713194537856613,,月線深紅，次日開盤,漸增淺紅,深紅
2022-02-07,2022-02-08,43854.65234375,2022-02-09,44096.703125,1,0.00451436973906616,,月線深紅，次日開盤,深紅,深紅
2022-03-19,2022-03-20,42191.40625,2022-03-21,41246.1328125,1,-0.023381514038832707,,月線深紅，次日開盤,深紅,深紅
2022-07-19,2022-07-20,23393.19140625,2022-07-21,23233.201171875,1,-0.007831843957072704,,月線深紅，次日開盤,深紅,深紅
2022-10-28,2022-10-29,20595.103515625,2022-10-30,20817.982421875,1,0.009811619905874203,,月線深紅，次日開盤,深紅,深紅
2022-12-12,2022-12-13,17206.44140625,2022-12-14,17782.06640625,1,0.0324211036444193,,月線深紅，次日開盤,深紅,深紅
2023-01-09,2023-01-10,17192.94921875,2023-01-11,17446.359375,1,0.013724958568360979,,月線深紅，次日開盤,深紅,深紅
2023-02-18,2023-02-19,24640.02734375,2025-12-01,90389.109375,1016,2.664718556430426,,月線深紅，次日開盤,漸增淺紅,深紅
2026-01-05,2026-01-06,93876.9453125,2026-01-07,93727.46875,1,-0.0025901693981023044,,月線深紅，次日開盤,深紅,深紅
2026-04-10,2026-04-11,72976.125,2026-04-12,73056.046875,1,9.458350787405756e-05,,月線深紅，次日開盤,深紅,深紅
2026-07-09,2026-07-10,63194.359375,2026-07-11,64127.96875,1,0.013759352303116978,,月線深紅，次日開盤,深紅,深紅
2026-08-08,2026-08-09,64906.55078125,2026-08-10,64845.3828125,1,-0.0019409588640583175,,月線深紅，次日開盤,深紅,深紅
2026-08-23,2026-08-24,77748.875,2026-08-25,78960.09375,1,0.014563530553551196,,月線深紅，次日開盤,深紅,深紅
