ticker,window_id,window,BH,C1_25,E1,E2,E3
TSLA,y2018,2018年底,0.11564759267555624,-0.003915046802195232,-0.030698570762362598,-0.08779658829380377,0.025500315082561897
TSLA,y2020,2020年3月,-0.4940703431701109,-0.4940703431701109,-0.38554197861337647,-0.49459866311765377,-0.3855419786133766
TSLA,y2022,2022下跌,-0.4180718792645425,-0.08756486618369186,-0.17705830660578392,-0.0968783289709938,-0.17705830660578425
MU,y2018,2018年底,-0.3583906166252998,-0.08645824266005975,-0.08840160445220713,-0.08845116342813297,-0.08840160445220713
MU,y2020,2020年3月,-0.33766216259514614,-0.33766216259514614,-0.161658385606671,-0.20842296812756478,-0.1616583856066709
MU,y2022,2022下跌,-0.4309498891132587,-0.1564472268008047,-0.18909286774735834,-0.19472785947701643,-0.12721120674432118
TSM,y2018,2018年底,-0.2008605035584582,-0.08404201664344535,-0.10760372923951267,-0.13427339106020997,-0.05649576495539488
TSM,y2020,2020年3月,-0.18673200419602431,-0.18673200419602443,-0.0957267847917398,-0.09383366914679636,-0.0957267847917399
TSM,y2022,2022下跌,-0.46029642363982004,-0.11585047865457032,-0.11585047865457032,-0.1158504786545701,-0.11585047865457021
NVDA,y2018,2018年底,-0.5473376519345154,-0.3244087791588448,-0.23373215479476805,-0.26654735675182817,-0.2117117719960352
NVDA,y2020,2020年3月,-0.2824048083319832,-0.2824048083319832,-0.2562796207922047,-0.2830565347640971,-0.2562796207922049
NVDA,y2022,2022下跌,-0.6180127747052706,-0.4318278811275933,-0.2992097224057627,-0.32915067385542807,-0.2992097224057625
BTC,y2018,2018年底,-0.3844144366628205,-0.09848808147499044,-0.09848808147499044,-0.09848808147499055,-0.09848808147499044
BTC,y2020,2020年3月,-0.3673518622867247,-0.09757927979584535,-0.09757927979584524,-0.09757927979584535,-0.09757927979584524
BTC,y2022,2022下跌,-0.5947709873027042,-0.2893661505895817,-0.20706702489314477,-0.2055537602680595,-0.20706702489314477
QQQ,y2018,2018年底,-0.22541271723919964,-0.10787479150019053,-0.07439704938938607,-0.07529660403727634,-0.07439704938938585
QQQ,y2020,2020年3月,-0.2722563020156902,-0.2722563020156903,-0.1607916614442343,-0.15248388895379772,-0.1607916614442343
QQQ,y2022,2022下跌,-0.3413743876274127,-0.14866415475554018,-0.12764587629355661,-0.1103192012137435,-0.12764587629355684
SMH,y2018,2018年底,-0.22485084939646072,-0.0555899689336149,-0.05558996893361512,-0.0555899689336149,-0.05558996893361512
SMH,y2020,2020年3月,-0.2938759763695419,-0.29387597636954177,-0.17385761384616027,-0.1498917952349652,-0.17385761384616016
SMH,y2022,2022下跌,-0.4392629996823755,-0.21105412407628277,-0.18066997753182623,-0.1601435752531507,-0.180669977531826
