half,ticker,strategy,label,total_return,maxdd,ann_return,sharpe,avg_weight,n_orders,capture,dd_improve,meets_bar,actual_start,actual_end
full,TSLA,BH,買進持有,26.635591177240183,-0.736322174421912,0.39510193931580107,0.8557620830414562,1.0,2,1.0,0.0,False,2016-09-15,2026-09-14
full,TSLA,C1_25,C1 深紅留 25%,16.608772400670475,-0.606265385382069,0.3334282044640502,0.8450579244035258,0.6540382811340719,23,0.6235556136205637,0.13005678903984297,False,2016-09-15,2026-09-14
full,TSLA,E1,E1 日線跌破下軌,16.817543353326897,-0.4654783269636015,0.33500576643075974,0.9571712546627865,0.5189371014946214,131,0.6313936582604294,0.27084384745831047,False,2016-09-15,2026-09-14
full,TSLA,E2,E2 週線轉負,11.55467493791729,-0.606265385382069,0.288933422678046,0.8582683794150625,0.5124008488094484,37,0.4338058374987611,0.13005678903984297,False,2016-09-15,2026-09-14
full,TSLA,E3,E3 分批回補,10.948761795125481,-0.4654783269636016,0.2825531947133626,0.8821087772015304,0.46386196517786615,101,0.41105758540403925,0.27084384745831036,False,2016-09-15,2026-09-14
first,TSLA,BH,買進持有,17.925795257975782,-0.606265385382069,0.8022576849177192,1.2900244431917165,1.0,2,1.0,0.0,False,2016-09-15,2021-09-14
first,TSLA,C1_25,C1 深紅留 25%,14.37873799319975,-0.606265385382069,0.728866817420623,1.3502665417642863,0.6785562917837251,13,0.80212552839474,0.0,False,2016-09-15,2021-09-14
first,TSLA,E1,E1 日線跌破下軌,11.099754187732326,-0.4654783269636015,0.6477813935410681,1.3955741353835152,0.5668440004417401,66,0.6192056769583864,0.1407870584184675,False,2016-09-15,2021-09-14
first,TSLA,E2,E2 週線轉負,8.494169725004069,-0.606265385382069,0.5696477266616566,1.2427823114227468,0.5752916282674218,19,0.4738517651664425,0.0,False,2016-09-15,2021-09-14
first,TSLA,E3,E3 分批回補,9.087307811227909,-0.4654783269636016,0.5888182514423281,1.3585081949774367,0.5083408699373128,51,0.5069402880290437,0.1407870584184674,False,2016-09-15,2021-09-14
second,TSLA,BH,買進持有,0.45774958509134955,-0.736322174421912,0.07868147336505382,0.4246432671501327,1.0,2,1.0,0.0,False,2021-09-15,2026-09-14
second,TSLA,C1_25,C1 深紅留 25%,0.13811028589346463,-0.537656801185852,0.02633853342108683,0.27789676208100517,0.6291141314987261,12,0.3017158079256435,0.19866537323605993,False,2021-09-15,2026-09-14
second,TSLA,E1,E1 日線跌破下軌,0.46478912635328684,-0.4058934847701864,0.07972624502125925,0.3986692265516467,0.4702931656286444,67,1.0153785857840427,0.33042868965172556,True,2021-09-15,2026-09-14
second,TSLA,E2,E2 週線轉負,0.3153832644037382,-0.3660777739168809,0.05663353022154172,0.3321469310520119,0.448725236960493,20,0.6889864560790363,0.37024440050503105,False,2021-09-15,2026-09-14
second,TSLA,E3,E3 分批回補,0.1773988198356855,-0.4058934847701864,0.03336224171268465,0.25798396989286737,0.41891325031913923,52,0.387545561183378,0.33042868965172556,False,2021-09-15,2026-09-14
full,MU,BH,買進持有,55.0143438630091,-0.5762896481922276,0.49756854143583995,1.0399449827901754,1.0,2,1.0,0.0,False,2016-09-15,2026-09-14
full,MU,C1_25,C1 深紅留 25%,50.28802595431373,-0.4471594177259587,0.48438374348390667,1.1333222350243153,0.7451889668095972,20,0.914089352397543,0.12913023046626892,True,2016-09-15,2026-09-14
full,MU,E1,E1 日線跌破下軌,7.817760621635081,-0.4207265609662616,0.24404732002419283,0.8517419289732646,0.5697611356868333,150,0.14210404183138203,0.155563087225966,False,2016-09-15,2026-09-14
full,MU,E2,E2 週線轉負,15.999111876671478,-0.3186154329963128,0.32872307972515347,1.0615569802828355,0.5616237599667022,49,0.29081709883718276,0.2576742151959148,False,2016-09-15,2026-09-14
full,MU,E3,E3 分批回補,8.623285659873652,-0.3403357209596718,0.2550051213967668,0.9125786615261664,0.5159551058168056,119,0.15674613299663168,0.23595392723255582,False,2016-09-15,2026-09-14
first,MU,BH,買進持有,3.3441719705180564,-0.5365699453219073,0.3420980147257333,0.8708065499849242,1.0,2,1.0,0.0,False,2016-09-15,2021-09-14
first,MU,C1_25,C1 深紅留 25%,2.6168475300731306,-0.4471594177259587,0.29372976379884497,0.847701456265528,0.8053923671908573,13,0.7825098568922418,0.08941052759594859,False,2016-09-15,2021-09-14
first,MU,E1,E1 日線跌破下軌,0.6676796792831234,-0.397699289320429,0.1078810946002049,0.5118583939516563,0.5750626583069138,89,0.19965470830128723,0.1388706560014783,False,2016-09-15,2021-09-14
first,MU,E2,E2 週線轉負,1.5976071672478,-0.3186154329963128,0.21072780031586813,0.8199856981363662,0.5890375434010712,28,0.4777287715261574,0.21795451232559448,False,2016-09-15,2021-09-14
first,MU,E3,E3 分批回補,0.7820610203519507,-0.3403357209596718,0.1227014893384728,0.5798337238917771,0.5232291575467576,70,0.23385789583984795,0.19623422436223548,False,2016-09-15,2021-09-14
second,MU,BH,買進持有,11.976594938679856,-0.5762896481922275,0.6737761502922381,1.1899019695000983,1.0,2,1.0,0.0,False,2021-09-15,2026-09-14
second,MU,C1_25,C1 深紅留 25%,13.211543323443577,-0.43730556290275135,0.7046344245801972,1.3877905943870315,0.6849432285485173,9,1.1031134801741775,0.13898408528947614,True,2021-09-15,2026-09-14
second,MU,E1,E1 日線跌破下軌,4.299959518306448,-0.32571699864792125,0.3981301277972449,1.1307346686493804,0.5646960793080176,63,0.35903022021887127,0.25057264954430625,False,2021-09-15,2026-09-14
second,MU,E2,E2 週線轉負,5.559634522176825,-0.31181857111684474,0.459343847756742,1.2710647157619113,0.5343759092462798,23,0.46420827878392346,0.26447107707538275,False,2021-09-15,2026-09-14
second,MU,E3,E3 分批回補,4.406411702106862,-0.32571699864792103,0.40372867393445633,1.1838827580001987,0.5097310853576421,51,0.36791857156960567,0.25057264954430647,False,2021-09-15,2026-09-14
full,TSM,BH,買進持有,17.35927669808241,-0.5646657284046643,0.3390230668331571,1.0124825830599955,1.0,2,1.0,0.0,False,2016-09-15,2026-09-14
full,TSM,C1_25,C1 深紅留 25%,14.7926834176217,-0.36817380641134145,0.31894676439644165,1.0630267015952928,0.7884388709020472,15,0.8521486047431787,0.19649192199332288,True,2016-09-15,2026-09-14
full,TSM,E1,E1 日線跌破下軌,6.3692525856331725,-0.25797653716558877,0.22185197104588394,0.9676459984775602,0.6048389723266265,140,0.3669077172055648,0.30668919123907556,False,2016-09-15,2026-09-14
full,TSM,E2,E2 週線轉負,4.891975438734083,-0.22817777097790004,0.19473448331901255,0.9692149736453634,0.54579031774085,51,0.28180756167533605,0.3364879574267643,False,2016-09-15,2026-09-14
full,TSM,E3,E3 分批回補,5.92866347673264,-0.25797653716558855,0.21431866244097186,0.9656862990981346,0.5708152900610551,120,0.341527102761577,0.3066891912390758,False,2016-09-15,2026-09-14
first,TSM,BH,買進持有,3.9834260136893223,-0.2654772712934078,0.37951806654794495,1.198201171893167,1.0,2,1.0,0.0,False,2016-09-15,2021-09-14
first,TSM,C1_25,C1 深紅留 25%,3.2551811419069843,-0.2654772712934077,0.3365449966450986,1.166919450370889,0.8328635692369154,10,0.8171812732859419,1.1102230246251565e-16,False,2016-09-15,2021-09-14
first,TSM,E1,E1 日線跌破下軌,2.062425889875184,-0.1955569826235053,0.2513179352391235,1.1247851863227627,0.6528956354523254,79,0.5177517751773255,0.06992028866990252,False,2016-09-15,2021-09-14
first,TSM,E2,E2 週線轉負,1.5928061917363152,-0.1892165783533616,0.21027921648908898,1.1265280452273163,0.5729760556904702,30,0.3998583596789611,0.07626069294004623,False,2016-09-15,2021-09-14
first,TSM,E3,E3 分批回補,2.127676835380226,-0.19555698262350496,0.25661383810754024,1.1691238556923564,0.621491140719769,65,0.5341323845524721,0.06992028866990285,False,2016-09-15,2021-09-14
second,TSM,BH,買進持有,2.700829827797269,-0.5646657284046643,0.3007793985748308,0.8759551949745645,1.0,2,1.0,0.0,False,2021-09-15,2026-09-14
second,TSM,C1_25,C1 深紅留 25%,2.719861859489513,-0.36817380641134134,0.3021209342343687,0.9774882928402622,0.743137860595864,7,1.007046734857696,0.196491921993323,True,2021-09-15,2026-09-14
second,TSM,E1,E1 日線跌破下軌,1.412294360595891,-0.25797653716558877,0.19358134477129418,0.8336036086915739,0.5558684702837084,63,0.5229112719581166,0.30668919123907556,False,2021-09-15,2026-09-14
second,TSM,E2,E2 週線轉負,1.2780503533153986,-0.20063066058143264,0.17992615945976898,0.8498427653269182,0.5177573147980172,23,0.47320654569256787,0.3640350678232317,False,2021-09-15,2026-09-14
second,TSM,E3,E3 分批回補,1.2195306015225027,-0.2579765371655889,0.17377154724031296,0.7874347796898671,0.5190543537177368,57,0.45153922286067244,0.30668919123907545,False,2021-09-15,2026-09-14
full,NVDA,BH,買進持有,140.99154606337606,-0.6633508587870276,0.6440373609551293,1.2421513415840377,1.0,2,1.0,0.0,False,2016-09-15,2026-09-14
full,NVDA,C1_25,C1 深紅留 25%,79.01355264095426,-0.5034572231265677,0.5521098620583855,1.2484373589593245,0.799482593275995,18,0.5604134066693436,0.1598936356604599,False,2016-09-15,2026-09-14
full,NVDA,E1,E1 日線跌破下軌,19.87432746847728,-0.4507365538680218,0.3563804077439652,1.0745035474411373,0.6375065903520081,155,0.1409611286874159,0.2126143049190058,False,2016-09-15,2026-09-14
full,NVDA,E2,E2 週線轉負,22.3230414462956,-0.42365996353768,0.37155781413975353,1.1528642610302533,0.5959194726979069,46,0.15832893580911112,0.2396908952493476,False,2016-09-15,2026-09-14
full,NVDA,E3,E3 分批回補,11.621911764980169,-0.43538404691663213,0.2896242494142707,0.9697522513442911,0.5660268906260024,138,0.08242984838081065,0.22796681187039547,False,2016-09-15,2026-09-14
first,NVDA,BH,買進持有,13.904845033911588,-0.5603844928264811,0.7180609629845989,1.3669051211803793,1.0,2,1.0,0.0,False,2016-09-15,2021-09-14
first,NVDA,C1_25,C1 深紅留 25%,12.830248818956164,-0.4003861864734487,0.6925002548199732,1.441270365177801,0.8452702944478129,8,0.9227178575284612,0.15999830635303236,True,2016-09-15,2021-09-14
first,NVDA,E1,E1 日線跌破下軌,5.413877635903851,-0.33361538242091626,0.4510446295892139,1.3051285532120145,0.67088373816501,75,0.3893518858139238,0.2267691104055648,False,2016-09-15,2021-09-14
first,NVDA,E2,E2 週線轉負,4.902039877555086,-0.4171220423744323,0.4270709961715904,1.2755022532534803,0.644127300957508,24,0.35254185613718325,0.14326245045204877,False,2016-09-15,2021-09-14
first,NVDA,E3,E3 分批回補,4.324152221377288,-0.3251835170998756,0.39791580469072496,1.2482460241880502,0.5775575599505376,64,0.3109816909740026,0.23520097572660548,False,2016-09-15,2021-09-14
second,NVDA,BH,買進持有,8.488431996062946,-0.6633508587870276,0.5717157462502371,1.1266488414798348,1.0,2,1.0,0.0,False,2021-09-15,2026-09-14
second,NVDA,C1_25,C1 深紅留 25%,4.762261808216885,-0.5034572231265675,0.4218259537252389,1.0484543137300484,0.7535488388309018,12,0.5610296236602578,0.1598936356604601,False,2021-09-15,2026-09-14
second,NVDA,E1,E1 日線跌破下軌,2.2415389798171295,-0.4507365538680219,0.26659860933279056,0.8550126561625123,0.6040229763577843,82,0.26406985187096826,0.21261430491900568,False,2021-09-15,2026-09-14
second,NVDA,E2,E2 週線轉負,2.935885637212741,-0.4236599635376801,0.31697615820910396,1.0259670003999535,0.5475578714614011,24,0.34586901780852414,0.2396908952493475,False,2021-09-15,2026-09-14
second,NVDA,E3,E3 分批回補,1.3612072196291578,-0.43538404691663213,0.18845813192732352,0.6998525331505971,0.5544594408570509,76,0.1603602668031628,0.22796681187039547,False,2021-09-15,2026-09-14
full,BTC,BH,買進持有,124.71710367319744,-0.8339900882218974,0.3960622631178845,0.8806525727247815,1.0,2,1.0,0.0,False,2016-09-15,2026-09-13
full,BTC,C1_25,C1 深紅留 25%,167.88699655178507,-0.7119696239408,0.4247988615413403,0.9898150299092834,0.7436308076334144,13,1.3461425226142831,0.12202046428109736,True,2016-09-15,2026-09-13
full,BTC,E1,E1 日線跌破下軌,66.20892821500883,-0.536863875229673,0.3370049146189873,1.0139790530942512,0.5507820421307887,154,0.5308728816257587,0.2971262129922243,False,2016-09-15,2026-09-13
full,BTC,E2,E2 週線轉負,40.617491413983686,-0.5620964314464758,0.29349859635757136,0.9137743019608567,0.522683131890607,34,0.3256769939142891,0.27189365677542154,False,2016-09-15,2026-09-13
full,BTC,E3,E3 分批回補,47.72638804952809,-0.5748918910223131,0.30765498992763773,0.9738276304569805,0.5297620393668429,141,0.38267716811791885,0.25909819719958427,False,2016-09-15,2026-09-13
first,BTC,BH,買進持有,76.04937249278646,-0.8339900882218974,0.8213211716102407,1.2458466515553017,1.0,2,1.0,0.0,False,2016-09-15,2021-09-14
first,BTC,C1_25,C1 深紅留 25%,67.63180425642653,-0.7119696239408,0.7924728100865635,1.2983443515365558,0.7954123225845644,8,0.8893144287658867,0.12202046428109736,True,2016-09-15,2021-09-14
first,BTC,E1,E1 日線跌破下軌,27.192096242599202,-0.536863875229673,0.5853571178421961,1.2872457693930723,0.6022728281884244,86,0.3575584564511491,0.2971262129922243,False,2016-09-15,2021-09-14
first,BTC,E2,E2 週線轉負,19.609262846429566,-0.5620964314464758,0.5182708535814349,1.191833828950793,0.5491272058811058,18,0.2578491078054532,0.27189365677542154,False,2016-09-15,2021-09-14
first,BTC,E3,E3 分批回補,21.493498289044553,-0.5748918910223131,0.5367129528792534,1.2452842317999795,0.5822838435207942,78,0.2826255836770157,0.25909819719958427,False,2016-09-15,2021-09-14
second,BTC,BH,買進持有,0.6298219986757017,-0.7663456370856909,0.06977582743782418,0.3718342098262823,1.0,2,1.0,0.0,False,2021-09-15,2026-09-13
second,BTC,C1_25,C1 深紅留 25%,1.4580216892319244,-0.5201911272538275,0.132225497832966,0.5464872931817947,0.6918209192494145,7,2.3149742185849984,0.24615450983186338,True,2021-09-15,2026-09-13
second,BTC,E1,E1 日線跌破下軌,1.3796189360775304,-0.38620716933740507,0.12716882658589435,0.6341706949057304,0.49917251400637863,70,2.190490232126526,0.38013846774828586,True,2021-09-15,2026-09-13
second,BTC,E2,E2 週線轉負,1.019591759025833,-0.46376571219256546,0.10192355197450809,0.5197107935516546,0.4962728439932159,18,1.6188570122505765,0.30257992489312546,True,2021-09-15,2026-09-13
second,BTC,E3,E3 分批回補,1.1622954340704514,-0.3920436974759409,0.11236112223810091,0.5918548496623025,0.47712092820469415,65,1.84543479985513,0.37430193960975,True,2021-09-15,2026-09-13
full,QQQ,BH,買進持有,5.559311455008425,-0.35118730046374924,0.20766358537146834,0.9502273894435695,1.0,2,1.0,0.0,False,2016-09-15,2026-09-14
full,QQQ,C1_25,C1 深紅留 25%,4.207613941535962,-0.2855936043663144,0.1800274417264347,0.9821492880094267,0.8408326275066955,15,0.7568588260593481,0.06559369609743482,False,2016-09-15,2026-09-14
full,QQQ,E1,E1 日線跌破下軌,2.524542260060315,-0.196823341987725,0.13470902417797737,0.9762581323907676,0.687202583570933,138,0.4541105999351657,0.15436395847602424,False,2016-09-15,2026-09-14
full,QQQ,E2,E2 週線轉負,2.1294540890824303,-0.18655214544665133,0.12125566687548428,0.9549490320224258,0.5899905566045498,44,0.3830427754077331,0.1646351550170979,False,2016-09-15,2026-09-14
full,QQQ,E3,E3 分批回補,1.9015390434739627,-0.17197263551729192,0.11278221457276838,0.8788670796873244,0.6349250734331409,135,0.34204578370237776,0.17921466494645732,False,2016-09-15,2026-09-14
first,QQQ,BH,買進持有,2.3684089449862618,-0.2855936043663143,0.27541836162279254,1.2133243564317302,1.0,2,1.0,0.0,False,2016-09-15,2021-09-14
first,QQQ,C1_25,C1 深紅留 25%,2.1108772581343134,-0.2855936043663144,0.2552588579344204,1.1894701391603577,0.9138351068522585,6,0.8912638430127858,-1.1102230246251565e-16,False,2016-09-15,2021-09-14
first,QQQ,E1,E1 日線跌破下軌,1.328668053300778,-0.17197263551729203,0.18450867143168548,1.1937948755286396,0.7672762564442898,83,0.5609960459377024,0.11362096884902229,False,2016-09-15,2021-09-14
first,QQQ,E2,E2 週線轉負,0.9836043972538979,-0.1606246906865092,0.14705856679040274,1.1467635928443165,0.5978362376741464,24,0.415301757467228,0.12496891367980512,False,2016-09-15,2021-09-14
first,QQQ,E3,E3 分批回補,1.2644041018663708,-0.17197263551729192,0.17788705666775062,1.1694424921612003,0.7390009706189032,83,0.5338622388430918,0.1136209688490224,False,2016-09-15,2021-09-14
second,QQQ,BH,買進持有,0.9429229825544116,-0.35118730046374913,0.14279189387384061,0.6951659048021565,1.0,2,1.0,0.0,False,2021-09-15,2026-09-14
second,QQQ,C1_25,C1 深紅留 25%,0.6702368050462117,-0.18841672096263984,0.10858448098729157,0.7268130268317035,0.7675972853881005,11,0.7108075817926471,0.1627705795011093,False,2021-09-15,2026-09-14
second,QQQ,E1,E1 日線跌破下軌,0.5101402449319135,-0.196823341987725,0.08636249718958267,0.7196407764140851,0.6068734922833073,57,0.5410200561130937,0.15436395847602413,False,2021-09-15,2026-09-14
second,QQQ,E2,E2 週線轉負,0.5741121343020992,-0.18655214544665155,0.09545788124529664,0.7645198304052411,0.5821198494390375,22,0.6088642921257568,0.16463515501709758,False,2021-09-15,2026-09-14
second,QQQ,E3,E3 分批回補,0.27848792472631767,-0.16923924473271978,0.05060975303863824,0.5032151875726503,0.5305171957140905,54,0.2953453568094014,0.18194805573102935,False,2021-09-15,2026-09-14
full,SMH,BH,買進持有,17.248914062788334,-0.45302636110769334,0.3382133880958822,1.0378598149795997,1.0,2,1.0,0.0,False,2016-09-15,2026-09-14
full,SMH,C1_25,C1 深紅留 25%,15.552637761318646,-0.3362233260742872,0.3251800690007922,1.152037613701578,0.8021690563372746,13,0.9016589510913546,0.11680303503340617,True,2016-09-15,2026-09-14
full,SMH,E1,E1 日線跌破下軌,8.8801801128344,-0.22015197430127365,0.25832634774030994,1.188843444130652,0.6238546352971593,118,0.5148254597657203,0.2328743868064197,False,2016-09-15,2026-09-14
full,SMH,E2,E2 週線轉負,4.978597765613816,-0.20528430616765125,0.19648499951243514,1.0491345797384073,0.5472236861052483,38,0.28863253347376305,0.2477420549400421,False,2016-09-15,2026-09-14
full,SMH,E3,E3 分批回補,8.54226681686366,-0.2068979160652652,0.2539411265668634,1.1949856776856622,0.6038697751793618,110,0.4952350499149499,0.24612844504242815,False,2016-09-15,2026-09-14
first,SMH,BH,買進持有,3.487883503778952,-0.3362233260742873,0.3508764835239633,1.1587596614318791,1.0,2,1.0,0.0,False,2016-09-15,2021-09-14
first,SMH,C1_25,C1 深紅留 25%,3.144314206791212,-0.3362233260742872,0.32949547422782777,1.1918739827608618,0.841095250888121,7,0.901496338219009,1.1102230246251565e-16,False,2016-09-15,2021-09-14
first,SMH,E1,E1 日線跌破下軌,2.0313168567182878,-0.2068979160652653,0.24876123577316944,1.2238175592142315,0.6670652419724389,64,0.5823924034496722,0.12932541000902198,False,2016-09-15,2021-09-14
first,SMH,E2,E2 週線轉負,1.4329265850814403,-0.17876234759649212,0.19494681583673068,1.1093684530180636,0.5568071529094973,20,0.41082982947364327,0.15746097847779517,False,2016-09-15,2021-09-14
first,SMH,E3,E3 分批回補,2.112040957976353,-0.2068979160652652,0.2553529052374395,1.2535027287814462,0.6629558354581853,62,0.6055365540987993,0.1293254100090221,False,2016-09-15,2021-09-14
second,SMH,BH,買進持有,3.0651600589568737,-0.45302636110769323,0.3255569143168453,0.9494083349198995,1.0,2,1.0,0.0,False,2021-09-15,2026-09-14
second,SMH,C1_25,C1 深紅留 25%,2.9929763259454267,-0.2481601028125432,0.3207929758775736,1.114785053867561,0.7631186952966329,8,0.9764502565533193,0.20486625829515004,True,2021-09-15,2026-09-14
second,SMH,E1,E1 日線跌破下軌,2.2611056815799846,-0.22015197430127353,0.26813133192886207,1.163558698914091,0.5801320457149045,56,0.7376794810348264,0.2328743868064197,False,2021-09-15,2026-09-14
second,SMH,E2,E2 週線轉負,1.4484279447218738,-0.20528430616765136,0.19715285754206358,0.9992062063434384,0.535275113668458,20,0.472545614865802,0.24774205494004187,False,2021-09-15,2026-09-14
second,SMH,E3,E3 分批回補,2.0678745571945454,-0.20194473565206783,0.2526605281485601,1.1448824136023994,0.5442210925881289,50,0.6746383606141202,0.2510816254556254,False,2021-09-15,2026-09-14
